"row","x","y","class"
1,-0.661254307247378,-0.057892893412919,"A"
2,1.8114333402545,-1.5440923290718,"A"
3,2.02599860049003,0.560310917104775,"A"
4,1.06232880917767,-1.30493669123343,"A"
5,1.23108662988328,-0.737614627652741,"A"
6,0.805001782834621,-0.813271197768475,"A"
7,0.523863496719847,-0.397243910059233,"A"
8,0.377513351835261,-2.71438153700541,"A"
9,1.40810665655813,-1.12944840796874,"A"
10,0.0571170985155378,0.405743726300316,"A"
11,1.72921820199435,0.225170313224362,"A"
12,-0.202583171222801,-1.6271305368375,"A"
13,-0.119368718098012,2.04906312365998,"A"
14,0.84824339649818,0.519128513568696,"A"
15,1.23081533052111,-0.873945209413799,"A"
16,-0.361537586191112,0.0530830263438956,"A"
17,1.47213248352425,-0.260732865106034,"A"
18,1.0852746242808,-0.517119156063297,"A"
19,0.446079783572688,-2.0180009245122,"A"
20,1.18318225101989,-1.51843532877192,"A"
21,-0.236491252468921,-1.39650026900654,"A"
22,2.41806389281653,-0.264292484509458,"A"
23,0.5817083370849,-0.758681108549003,"A"
24,2.37991920872184,-1.16387392130087,"A"
25,1.0822397511896,-0.648914951637054,"A"
26,-0.304639626938784,-2.2026485840574,"A"
27,1.31933974877672,-1.06667594399683,"A"
28,-0.204190750942217,-0.999260415526766,"A"
29,0.439761916320282,-0.920347663801868,"A"
30,0.0468458706802622,-2.45934262085099,"A"
31,-0.0826471001668864,0.263865416768248,"A"
32,0.555413802034406,-1.98845565434757,"A"
33,1.9477999588096,-1.24661452198377,"A"
34,1.56128748448132,-0.812601483075082,"A"
35,1.76902091579652,-0.0180340470052982,"A"
36,-1.27399424508229,-0.559357760697943,"A"
37,1.70636146181664,-0.275274644168276,"A"
38,1.32377440529463,0.654813599360638,"A"
39,1.45559201869693,0.7148752293786,"A"
40,0.494303726992839,-1.37022005477125,"A"
41,0.563965185210782,1.4631178852505,"A"
42,1.85154121272294,-1.430319131322,"A"
43,1.18707683457808,0.290788213259591,"A"
44,0.883225693544972,-0.410730738147687,"A"
45,0.442510907845462,-0.872405617391755,"A"
46,-0.537963691391597,0.0864959350699979,"A"
47,1.3387661118022,-0.682989538314753,"A"
48,-0.302353342992151,-0.648303570343039,"A"
49,0.713801599440322,-1.93504816564958,"A"
50,1.69351393044115,0.497239187263642,"A"
51,0.99446385634971,1.42374673023201,"A"
52,1.87815403220461,0.107536575544645,"A"
53,-0.183516845010964,-1.40471152196568,"A"
54,-0.286010906444715,-1.17977965003873,"A"
55,1.08991783725526,-1.35176918382599,"A"
56,-0.166845648595124,-2.25580986956398,"A"
57,0.723066543644964,-1.01946166774246,"A"
58,0.398684191639535,-0.00804238592866047,"A"
59,0.778678935068563,-1.15476095220646,"A"
60,0.222892489541227,0.234014022527795,"A"
61,-0.621758165630194,-0.217010592346333,"A"
62,0.314140327614094,-0.53042006390388,"A"
63,1.61446731608064,-1.00051794207921,"A"
64,2.84676196875668,-0.660114284493658,"A"
65,1.19681249742136,-0.866425990903742,"A"
66,0.479493238842306,0.105466453927831,"A"
67,0.715130848998017,-2.01746422911561,"A"
68,-0.399596619307927,-0.45111824352829,"A"
69,1.64221525690575,-0.609472549603309,"A"
70,0.505220371297922,-1.86020277017203,"A"
71,0.698722510264624,-0.56776647282114,"A"
72,-0.0385141363746947,-0.239785054625409,"A"
73,0.463956461230731,-0.154236314958696,"A"
74,1.46899464760953,0.646305187752307,"A"
75,0.380462711140784,-0.703901480110769,"A"
76,0.540400746634593,-1.206246551055,"A"
77,0.0226031815733874,-0.979103571529629,"A"
78,-0.675863542299608,-0.741082150822195,"A"
79,0.416859494420546,0.263689304259153,"A"
80,1.05862689069105,-0.892192004054091,"A"
81,1.49585848199299,0.836140193740183,"A"
82,1.02669366151434,-1.15196582987304,"A"
83,-0.212505441823831,-0.225100305714676,"A"
84,1.50557729783055,-0.143287018782039,"A"
85,1.32568123980029,-0.984413230959923,"A"
86,0.682576928632567,-1.54787721293885,"A"
87,2.3269459886985,-0.79917719685396,"A"
88,1.60740645962109,-0.902760594000821,"A"
89,0.696335819275045,-1.39940504804581,"A"
90,1.10784961207611,-0.154960747888364,"A"
91,0.700687994332531,-0.108101695907238,"A"
92,0.24401616661283,-1.75555911524367,"A"
93,1.20258273600147,-0.918241838196891,"A"
94,0.3956246428337,-1.05941657728293,"A"
95,0.753265735024324,-0.624239642308295,"A"
96,1.07281709300898,-0.0339509336454351,"A"
97,-0.459241102129243,-0.0171750725124685,"A"
98,0.680292930859628,0.87443623087474,"A"
99,-0.082910662644853,-0.658883315005449,"A"
100,1.78213000377899,-0.882142784353857,"A"
101,1.57053058698782,0.554871171514446,"A"
102,1.9010818203698,-0.362294097251337,"A"
103,0.979138937898385,-0.102205894468747,"A"
104,1.89860774995925,0.805989979742607,"A"
106,-0.372943746586927,0.317709319625682,"A"
107,-0.114083182282028,1.13754601428129,"A"
108,0.716733261508621,-0.927130874062564,"A"
109,1.76708693131014,-0.744642655316997,"A"
110,1.88468633641004,0.912827810412002,"A"
111,1.65304126204094,0.314049697365293,"A"
112,0.530420067197944,-1.43045852819247,"A"
113,0.267712271410452,0.58756878254163,"A"
114,0.0189636377093594,-2.32761330994055,"A"
115,1.43093871260291,-1.34313635281034,"A"
116,0.819150064415595,-0.547031713532029,"A"
117,0.72215134563771,0.551431847332732,"A"
118,0.833477950342705,-0.488026275596572,"A"
119,2.24031699192558,0.0292316612566187,"A"
120,1.8778878054091,-0.442264446616733,"A"
121,0.519254531129515,-1.92540560350538,"A"
122,-1.02060166533656,-0.598323218991912,"A"
123,0.992408268819488,0.936253850841353,"A"
124,0.846731587303651,-0.123445725521927,"A"
125,0.161869750072562,-2.34989729438269,"A"
126,-0.238007197970214,-0.363765140939425,"A"
127,2.086319542318,0.112502702586474,"A"
128,1.23656456231263,0.880344303763966,"A"
129,0.229431988009067,-0.165717663655166,"A"
130,0.85435059985892,-1.34557079145602,"A"
131,0.985546000290654,1.03123941012026,"A"
132,-0.00967999455821533,-2.40976035288257,"A"
133,1.26346435660793,-0.624460975004244,"A"
134,0.598837317222386,-0.528019845246366,"A"
135,2.02025481348443,-0.984335365532213,"A"
136,-0.20665391629847,-0.474943459282527,"A"
137,-0.404544247264014,-0.680267887926129,"A"
138,0.383595923945224,1.32363496064215,"A"
139,-0.0546548450773378,1.33305786779856,"A"
140,-0.01466433294448,-0.535841960629442,"A"
141,0.830607301515194,1.17532848785183,"A"
142,0.0672065870794816,-1.78003824397542,"A"
143,0.509124211876924,0.204059305811812,"A"
144,0.580131496072728,0.377987884325031,"A"
145,-0.770567318476225,-0.374877977287889,"A"
146,1.32993964407457,-2.27967429148363,"A"
147,0.576841756335032,-0.481977344852585,"A"
148,1.89005705199368,-0.709156109017355,"A"
149,0.116621706765797,0.489211476485918,"A"
150,-0.587226728590284,-0.912044057991646,"A"
151,-0.94959362887709,0.447070919847169,"A"
152,0.231127391548095,-1.36955668883036,"A"
153,-0.873718065500477,-0.222643624025683,"A"
154,0.248223869390988,-1.82599631680646,"A"
155,1.75911286526353,-1.1747883052088,"A"
156,-0.0908257691113349,-1.63939222664722,"A"
157,0.804308626715228,-0.927013985804961,"A"
158,0.264562245915746,-0.10147507516497,"A"
159,1.03373555816864,-0.161710187289672,"A"
160,1.49700677761414,1.09911665051051,"A"
161,0.730224661573743,-0.309127516956378,"A"
162,0.100920336922777,-0.0521063948842846,"A"
163,1.3110633247124,-0.671759397699031,"A"
164,0.182194947382112,-0.715106960533365,"A"
165,1.1063090961922,-1.44069520895519,"A"
166,0.947979885826699,-1.68717526861803,"A"
167,1.45206662875047,-0.10553909478539,"A"
168,1.18151672912368,0.222387013397607,"A"
169,1.73496044957311,-1.12311989959048,"A"
170,0.683347917315183,-0.959295003951965,"A"
171,1.72691937090699,0.536115030721277,"A"
172,0.623401302612557,0.255898951928595,"A"
173,1.95893471580246,0.603727078475592,"A"
174,-0.690444331469027,0.0701440674862619,"A"
175,1.61801948952065,-0.622974444268168,"A"
176,0.255064325043045,0.487868605500551,"A"
177,0.899779881748288,0.514419693585661,"A"
178,-0.064472378597686,-0.273651177780957,"A"
179,1.93125704936588,-0.756263052935385,"A"
180,1.11923904715609,-1.57011490685751,"A"
181,1.09059149358229,-0.625007515406529,"A"
182,1.27046625860227,-0.771833435679144,"A"
183,-0.125545970764376,1.70871633617293,"A"
184,0.835981275862077,-2.60150680651318,"A"
185,0.451893631984962,-1.00174302841803,"A"
186,1.68584207679329,-1.473089470252,"A"
187,0.0275829772026715,-0.581287161537407,"A"
188,1.01860189764421,0.977800338159179,"A"
189,2.26782610895013,-1.02705882060606,"A"
190,0.849936155984965,-0.237376423653604,"A"
191,0.347810436779852,-1.22643777119599,"A"
192,0.207058206473954,0.244133058648618,"A"
193,-0.251850475700504,-0.387869893059647,"A"
194,0.503552416214114,-0.268914352809358,"A"
195,1.64531470827547,0.401777736765526,"A"
196,2.73015147914118,1.465844520626,"A"
197,2.36883591592015,-1.02541233727884,"A"
198,-0.674072818792596,-0.671589378896142,"A"
199,0.60422812828856,-1.10982212964549,"A"
200,0.482507763526097,-1.40954444705975,"A"
201,-0.304386507145555,-0.455622335319042,"A"
202,-0.445639729129501,-1.68092674464307,"A"
203,-0.0732583894866893,1.94784604754986,"A"
204,-0.212809414680378,-0.0589807568279997,"A"
205,0.500364527654261,-1.40448465290348,"A"
206,0.504391288128119,-1.50303412906969,"A"
207,0.230799615636285,-1.20478094314348,"A"
208,0.209065250428346,-0.113674056045675,"A"
209,2.04556360287528,-0.70703082242561,"A"
210,1.02348443638367,1.01430276952347,"A"
211,0.696785728639663,-0.913209717038632,"A"
212,0.276714971915134,-0.143982181238915,"A"
213,2.14578271120083,0.510849252239866,"A"
214,0.0689576002932912,1.42110794351463,"A"
215,0.197186590210182,0.665626010485853,"A"
216,0.939902559427156,0.215508612169588,"A"
217,1.63383536503532,-0.193931356425639,"A"
218,1.40477152344084,-1.83443400552309,"A"
219,-0.0330380338140737,0.247411566725512,"A"
220,0.432621251983816,0.509211682394759,"A"
221,1.20248675320695,0.683457661117454,"A"
222,0.927215063066404,-1.95129339769068,"A"
223,-0.00214169711212137,-0.338248238394128,"A"
225,0.299461070983249,-1.97563118806516,"A"
226,-0.000353302227724284,-1.92375004479392,"A"
227,0.945160982929738,0.82747187110647,"A"
228,1.44669608303263,0.222787130201216,"A"
229,1.87024317243247,0.541585635694011,"A"
230,2.38205212144838,-1.54289994323709,"A"
231,0.641005424371968,-0.47442661641762,"A"
232,0.0124862938395603,-0.818884655486342,"A"
233,2.9742432458759,-1.61653749486001,"A"
234,1.6458409836286,-0.567523961897837,"A"
235,2.98769342744495,0.141050084540331,"A"
236,2.85177697162632,-0.59934475674818,"A"
237,0.139877793002091,0.294787296499657,"A"
238,0.962734157079751,0.483124155677628,"A"
239,1.17927599164212,0.314404473108022,"A"
240,-0.72125444045767,0.760790817481138,"A"
241,1.42843128051677,-0.649481025458658,"A"
242,0.653997041599012,-0.696669489236879,"A"
243,0.574774512683642,-0.00711513453719659,"A"
244,0.725909465871439,-0.42633499585856,"A"
245,0.632851115062119,0.581551863444394,"A"
246,0.593300848327257,-0.270292414209658,"A"
247,2.0434071125467,-1.0157749719683,"A"
248,2.09990335753994,-1.45002238459212,"A"
249,0.161936295865617,0.104943643405629,"A"
250,1.45219504556016,-1.97961579854814,"A"
251,0.87604928595243,-0.291224670883453,"A"
252,0.418272723198487,-0.717340727977812,"A"
253,0.819086390767339,-0.288547485532529,"A"
254,-0.282001034898696,-0.469197057085292,"A"
255,-0.292634017028483,-0.515321508356092,"A"
256,0.997998556804889,-0.495222945141602,"A"
257,0.671520619827087,-1.73841156502759,"A"
258,1.60145120086514,-1.18865314177588,"A"
259,0.486481349585073,0.549074587774098,"A"
260,0.0549185074877523,-0.412626564426798,"A"
261,1.28866889337812,0.996703810424342,"A"
262,0.215647336637486,0.444675837423322,"A"
263,-0.842444391710628,-0.316823574584976,"A"
264,0.984766862428432,0.0332277436316449,"A"
265,0.452370013903366,0.241194475450927,"A"
266,2.10704501421665,-0.901331977651102,"A"
267,0.178932980433526,-0.0547308293496492,"A"
268,0.708152424463331,-1.36306582575504,"A"
269,1.27182010895562,-0.181246403262956,"A"
270,0.497779676398243,-1.81405504455522,"A"
271,-0.0568135122495775,1.49094867567794,"A"
272,-0.268695533799176,1.30164006142841,"A"
273,0.336006065383369,0.286171578304697,"A"
274,0.566313105929461,1.37317467330923,"A"
275,0.441049535343488,0.568043118338543,"A"
276,-0.103405807008895,-1.79872759590175,"A"
277,-0.00709558100303886,0.763273270633941,"A"
278,0.929876925110247,0.0872440048459902,"A"
279,2.94750499533825,-0.130774948619256,"A"
280,-0.986969846131033,1.78802722362344,"A"
281,1.76058590627705,0.0310417961425625,"A"
282,1.3755983346114,-1.63059023223938,"A"
283,1.55370687504032,-0.35749650948888,"A"
284,1.88967203693102,-1.99979198885519,"A"
285,1.53375660010046,2.45520975216724,"A"
286,1.72879664771482,-2.0470180536142,"A"
287,-0.646787124039751,-0.0165078942857897,"A"
288,1.32829894471194,-1.65543236081168,"A"
289,-0.157721216298351,-0.507873742309165,"A"
290,0.664211433837749,1.04136167814174,"A"
291,2.56591778093848,-0.503658168604451,"A"
292,0.308961509137822,0.231371566493137,"A"
293,1.32600362249487,-1.65130817126248,"A"
294,1.03798514839648,1.25508357406545,"A"
295,1.54400797516497,0.268888148075455,"A"
296,1.15195076912413,0.463444239379968,"A"
297,0.933441166627355,-0.417254416827134,"A"
298,-0.871835470189114,-1.20927980047365,"A"
299,2.30829186099503,0.035034842626646,"A"
300,-0.385047182090295,1.31177251742742,"A"
301,-0.0568979265244961,-0.950058319592225,"A"
302,0.32531439721912,-0.895208914516046,"A"
303,0.17522617252217,-1.90701405513457,"A"
304,1.41473676415512,-1.2807977849115,"A"
305,0.110685510565856,0.147515535285047,"A"
306,1.20948293743,0.725598505417613,"A"
307,1.11575742398729,-0.77839277731772,"A"
308,-0.0144976523410734,-0.519574895391592,"A"
309,1.8097845038231,-0.00655158380319674,"A"
310,0.22703210872336,-0.779026068797493,"A"
311,1.16241535177026,-0.776831051556158,"A"
312,0.0497051060287997,-1.35861706576561,"A"
313,1.27740456452991,-0.952112221058789,"A"
314,-0.591652007442331,-0.57179633488516,"A"
315,1.1386332444712,-1.17134182413089,"A"
316,1.97104707485069,-0.247560483659704,"A"
317,0.951796527563234,-1.05825225918253,"A"
318,0.411584574725296,-1.66214131148968,"A"
319,-0.0959286465672042,-1.43035243201154,"A"
320,0.0934963132334301,0.739409615042787,"A"
321,0.781984726765713,0.411526323874985,"A"
322,1.35990591331355,1.67697929620831,"A"
323,0.884778425055883,-0.0831016414587527,"A"
324,1.51150356193645,0.0265656627205014,"A"
325,-0.120135559910854,0.191095236469356,"A"
326,-1.070691365366,-1.86048860145351,"A"
327,1.93651431601162,-1.4525967834046,"A"
328,0.863412931881427,1.09442464138648,"A"
329,1.62646672377448,-0.986515047984719,"A"
330,1.6535043330766,-1.18804533017745,"A"
331,0.647369267735234,0.66213116003478,"A"
332,0.394805485849,-0.907507384795378,"A"
333,0.530400740671748,-1.57249950621172,"A"
334,1.21099421355975,-0.0352964650714986,"A"
335,-0.370661768978377,-1.42369736630501,"A"
336,1.1130639149986,0.0783983914882664,"A"
337,0.130078956224546,-1.64545867031452,"A"
338,-0.199589157142404,-0.944972104249502,"A"
339,0.0472585325586169,0.00425556028833918,"A"
340,0.441429818286884,-2.16924758107394,"A"
341,-0.0120881802388999,-0.915456824514183,"A"
342,0.624778302809242,-0.336320887658445,"A"
343,1.01903264707126,-0.293199159492969,"A"
344,-0.143766310312052,-0.278294283861204,"A"
345,-0.350318390026416,0.0667140411226624,"A"
346,2.12537953542779,0.338080560412169,"A"
347,0.223871911625268,-1.08685501225865,"A"
348,0.625035035200765,-1.15146603022251,"A"
349,-0.989191520404788,-0.512610628511857,"A"
350,0.350837629122907,-1.4615009330415,"A"
351,0.22696518969623,-1.05996163390696,"A"
352,-0.0992657074356362,-0.512088410928031,"A"
353,0.933152329583342,1.43932156124899,"A"
354,0.984399719616073,0.476520515279591,"A"
355,0.0174436102959042,-0.200021798590213,"A"
356,0.429775087507039,1.45658260972343,"A"
357,0.550892217808831,0.530289699715374,"A"
358,0.386659656985047,1.44192181410852,"A"
359,0.760368394838692,-0.311041682511579,"A"
360,0.780730791418671,-1.94456647448095,"A"
361,-0.384973007343488,-0.359857425689137,"A"
362,0.640628903180778,-0.201157505541412,"A"
363,0.720082343587413,-1.72616009121337,"A"
364,-0.388568678425661,-0.353387843749705,"A"
365,-0.838247813203836,-1.35992917823668,"A"
366,1.82836634571309,0.0374990122908793,"A"
367,0.351165221742377,-0.645126947080694,"A"
368,1.59160507858205,0.87804068048589,"A"
369,1.55740049966709,0.804354321930844,"A"
370,0.532708409632836,-0.112076812852622,"A"
371,0.749073776733923,-0.275470851657054,"A"
372,1.53073034862432,-1.20442969057362,"A"
373,1.00446057161105,0.118232929536925,"A"
374,1.42891017705473,-0.237097459152672,"A"
375,0.722162572073452,0.132192811916897,"A"
376,-0.343409528311232,1.60651671601074,"A"
377,2.24499949451888,-0.337893486785641,"A"
378,0.933850919013928,-1.1768262173474,"A"
379,1.31950960994979,-0.379189376563413,"A"
380,1.65505404521878,-1.59526132415971,"A"
381,1.94408753618168,-1.37738607685276,"A"
382,0.894210098910049,-0.0659633833799889,"A"
383,0.91770439524033,-0.954962203514062,"A"
384,-1.0116918191253,-2.02303645597068,"A"
385,1.30893215352342,0.410142173141519,"A"
386,2.39307939252572,-0.261585925878554,"A"
387,1.50680558779662,0.567503773763202,"A"
388,0.825813918682258,-1.39048098963592,"A"
389,1.77283787175974,-1.71476259996329,"A"
390,-0.0537547021330437,-0.683160677536801,"A"
391,1.27105113999574,0.481460777944158,"A"
392,2.82758804264021,0.300615381124862,"A"
393,-1.07691929797766,0.565041060655542,"A"
394,1.6019449244674,-1.60115672192275,"A"
395,0.126366063340054,-0.0855297397982535,"A"
396,1.9402718962684,-1.2920313293161,"A"
397,0.689814591960147,-1.05704551117227,"A"
398,0.142638624160632,-1.13124818895765,"A"
399,0.106787436956614,-0.528070020162356,"A"
400,0.67507809589983,1.22070586028295,"A"
401,0.821578082770136,0.784969969694276,"A"
402,0.0988120324296202,0.993615156722201,"A"
403,1.05388862001415,1.11635688808422,"A"
404,0.29782205553134,0.151382738179906,"A"
405,1.9466722353346,1.1570866209717,"A"
406,1.14746404593213,-0.472720991145109,"A"
407,1.10508950411587,-0.806463750552447,"A"
408,0.387977331767807,-2.19733543188674,"A"
409,1.00011248848178,-0.816640514386904,"A"
410,1.89966700495328,-0.247796351062524,"A"
411,-0.935998901623793,-1.77339055322788,"A"
412,0.523898008548268,-1.74909992123286,"A"
413,0.259444483456549,-0.182053668642655,"A"
414,1.34461685748445,0.665987171463479,"A"
415,-0.0109401795116748,0.315194535480892,"A"
416,2.11382685093703,1.20853327066644,"A"
417,0.961196660777253,-0.226699113173302,"A"
418,-0.661570063861542,0.166228450359756,"A"
419,0.713852753694434,-1.37421917256067,"A"
420,-0.400171888745976,1.89176935408949,"A"
421,0.516362314080294,1.8756566884979,"A"
422,1.1967369862489,-1.30806606411255,"A"
423,2.0329451430741,-0.0727503225499293,"A"
424,0.875842520898679,-2.24584574326263,"A"
425,0.387414226528019,0.222216107268399,"A"
426,0.49391552968717,0.33536347798277,"A"
427,0.0786154883672934,-1.86457391904695,"A"
428,1.17348742832271,-0.763396070918599,"A"
429,0.42374873591324,-0.0565812866148918,"A"
430,1.23263860367133,-1.15215629166902,"A"
431,1.08955239687483,0.416594109925928,"A"
432,0.465027126834201,-1.57612709772238,"A"
433,0.916867684072642,-0.366307456583796,"A"
434,0.378118669926669,-0.476382474639642,"A"
435,0.788016198039537,-0.204076482043919,"A"
436,1.05856068469985,1.43951531824741,"A"
437,0.927530264880558,-0.803220008906076,"A"
438,0.912163276888967,-0.437004827084499,"A"
439,1.08159905643171,-1.4734271649552,"A"
440,0.548871979734982,0.2363416242225,"A"
441,-0.00641591273473419,-0.699063555567425,"A"
442,1.12034607125893,-0.627617868282048,"A"
443,0.545175049678265,0.0765170205689745,"A"
444,0.128726721001619,-1.06622863255546,"A"
445,0.703657413456397,-1.0741617919281,"A"
446,-0.0634605677328508,0.471358433959388,"A"
447,0.115996254155809,1.27941634173872,"A"
448,2.09277585212752,0.00314438864729116,"A"
449,1.78936921284223,0.210350182338868,"A"
451,0.0222077877232391,-0.718695559300318,"A"
452,0.646322946981359,-0.479935751282285,"A"
453,-0.0244510620918941,-0.407911827736991,"A"
454,0.544347196901267,0.315215399295482,"A"
455,0.914350677372443,0.687453922537286,"A"
456,0.711490357195305,-1.4317803680972,"A"
457,0.30919691646113,-0.763900565935008,"A"
458,-0.241505238182034,-0.709129970343846,"A"
459,1.61923805304228,-0.458440672810647,"A"
460,0.0812658847188866,1.7150773025078,"A"
461,0.829968645091061,1.40817000634477,"A"
462,0.784016454116477,0.435852118825223,"A"
463,1.05081573109241,-1.00686999579687,"A"
464,1.57674684803275,-1.60871506035912,"A"
465,0.718415541250309,-1.23197891609672,"A"
466,0.292340550899483,1.15120929437081,"A"
467,-1.28622512082334,1.3289129088226,"A"
468,1.57115317860843,-1.29585660995613,"A"
469,0.157823095087096,-1.17612802399515,"A"
470,1.88140630661505,-0.785299123854439,"A"
471,0.0978551766812011,-1.47733606555932,"A"
472,0.839637082836798,0.0117747165788581,"A"
473,1.55409823805255,-0.542164593959981,"A"
474,1.37877807859663,1.00379199455251,"A"
475,2.04348725318514,-0.950365270686169,"A"
476,-0.185335530217849,-1.83850343389347,"A"
477,1.55406590759269,-0.299356626694335,"A"
478,-0.120257068673681,-2.28237211963456,"A"
479,0.148358906702952,1.14838822358839,"A"
480,0.86445589085573,-0.494493451067289,"A"
481,0.419160361068168,-0.328975935048524,"A"
482,-0.503585032607134,-0.356599831726431,"A"
483,1.81294393948963,-0.0284768080204579,"A"
484,1.41484286136626,-0.934700437499509,"A"
485,2.65649640777092,-0.272392459361469,"A"
486,1.63571515748771,-1.93871934024075,"A"
487,2.25068003743238,-0.982883988079903,"A"
488,1.38102411066617,0.855191259633696,"A"
489,1.30757547015134,1.45720151272075,"A"
490,0.477047931881009,-1.41000587145623,"A"
491,0.264338460467809,-1.04870935689123,"A"
492,-0.393601092424549,-1.42539042175836,"A"
493,1.03948606434844,-0.980435783364001,"A"
494,-0.130260130027555,0.989721776064777,"A"
495,0.881658257400284,-0.35475115105819,"A"
496,1.48944203789359,-0.890428901770972,"A"
497,0.831723565979068,0.432348764581239,"A"
498,1.19634575220181,-1.13685176408238,"A"
499,1.3325739894088,-0.448232082367462,"A"
500,-0.0174006780252837,-0.24110586718912,"A"
501,0.737809191546242,-0.837066377224221,"A"
502,1.81310283058833,0.294152047459791,"A"
503,1.93930815616875,0.203224186250143,"A"
504,0.358179648664101,-0.655605730014576,"A"
505,0.773926072938285,-0.622733672556997,"A"
506,0.0822347331384396,-1.08078051280284,"A"
507,0.968424204991685,-0.379448560252034,"A"
508,0.173285951566541,0.507158567197291,"A"
509,1.1514122138515,1.7775079496314,"A"
510,1.57372313025376,-1.24417866106891,"A"
511,-0.340513184789304,0.773456318417842,"A"
512,2.40237273478259,0.545557410252334,"A"
513,0.71010394847776,0.500490003375586,"A"
514,0.473823500169448,-0.502467792083253,"A"
515,1.29227467657858,-0.397918248750194,"A"
516,0.0850446865064951,-1.35111719261013,"A"
517,1.09512339726419,-0.471565870786442,"A"
518,2.20998531989117,0.560633743319353,"A"
519,-1.09293517174419,1.07180931269411,"A"
520,1.63492701600448,-1.51529762129777,"A"
521,1.43231507759207,-1.17848931045632,"A"
522,0.681706428636696,0.440505560055383,"A"
523,0.328204136834982,-0.914889301152827,"A"
524,-0.234707047502516,-0.887123733872025,"A"
525,-0.236083871524898,-1.55619303705929,"A"
526,-0.420136038995511,-0.619604093684162,"A"
527,-0.129763726122508,-0.733520784121197,"A"
528,0.65348983277944,-1.12729218764052,"A"
529,1.96929069918051,-0.460818462820993,"A"
530,-0.51012092926965,0.0666846667825364,"A"
531,1.92607951436784,-1.61296193857259,"A"
532,0.775075146548303,-0.391411655883423,"A"
533,0.165721851856318,-1.57473535114637,"A"
534,0.20073408229108,0.500877124682393,"A"
535,0.640954609773919,-2.88956803815555,"A"
536,-0.321772526997934,-1.32371782499934,"A"
537,-0.812688322861628,-2.08951392188815,"A"
538,1.00935250851421,-0.374954001456583,"A"
539,-0.563770154268688,-0.2539320599677,"A"
540,1.17871172883539,0.0703467481192585,"A"
541,1.69920639710981,-1.4410799470081,"A"
542,-0.206527851010711,-0.352765970713982,"A"
543,1.47079461201138,-0.0104184657205048,"A"
544,1.75195955787426,-1.05107822261046,"A"
545,-0.913163287139721,0.407500145353786,"A"
546,-0.304230059122406,1.1081357171958,"A"
547,0.503175600527143,1.75521271499146,"A"
548,1.14417304191066,-1.65805866973079,"A"
549,-0.696375338044361,-1.24603158487777,"A"
550,0.669180566526905,-2.36878498841069,"A"
551,-0.698952086188838,1.73344114776503,"A"
552,0.423397118771533,1.0470235922568,"A"
553,-0.345199997291565,0.647715724505057,"A"
554,-0.353894520111836,-1.09714694184676,"A"
555,-0.0412731173723092,-1.91646305475956,"A"
556,0.890661205226233,-0.695984990536161,"A"
557,0.144549884179237,-1.77982883179291,"A"
558,0.816731693245387,-0.937793887012812,"A"
559,0.218413562803324,-0.374536290415826,"A"
560,2.02932247710128,-0.0551353020103161,"A"
561,1.4498379166292,-0.472579216139675,"A"
562,1.28410926033142,-2.05664329852135,"A"
563,0.236951498445584,-1.78530259810573,"A"
564,-0.18809962834013,-0.586880515744396,"A"
565,0.588670163691202,-0.893971278057951,"A"
566,2.48650168861456,-0.391892601581754,"A"
567,0.483331908777763,-1.11920320638538,"A"
568,0.778166994811219,0.676205026075153,"A"
569,-0.290036278041249,1.58460361821601,"A"
570,-0.118977077687176,-0.864851791028813,"A"
571,-0.463571200633711,1.25185450323635,"A"
572,0.95698190652878,-0.603867345259323,"A"
573,-0.221167158645615,-0.0856446465557705,"A"
574,-0.11242155332063,-0.94041583684984,"A"
575,0.370180729437624,-0.662398847509853,"A"
576,0.169907903783062,0.417274295630021,"A"
577,0.836593170326845,0.808065430631919,"A"
578,0.426154756062374,-0.44391385846597,"A"
579,0.945297245734171,-1.28655890386586,"A"
580,1.19201021226388,0.29948105153378,"A"
581,2.20054276828088,0.25153714296144,"A"
582,0.680839354948024,-1.23863357686825,"A"
583,0.237286047702095,1.39559457415647,"A"
584,1.14762528284573,-0.686862295782377,"A"
585,0.643735036240718,-0.916863143121535,"A"
586,0.75326212190744,-0.966798430688908,"A"
587,0.961156638197701,-0.156796691054199,"A"
588,0.346578179271779,1.60515052180471,"A"
589,0.0940902035656105,0.647306563086149,"A"
590,0.332343397368498,-0.441505694198041,"A"
591,1.08412027932336,-0.570558602041149,"A"
592,-1.09741629216169,0.612398166209104,"A"
593,0.878281618964875,-1.09711748930263,"A"
594,0.963548907008277,-1.06231189619076,"A"
595,0.295897219923254,-1.74932053945305,"A"
596,-0.967405275431955,-0.714126158332534,"A"
597,0.546734200234073,-0.783094556459514,"A"
598,0.0522701184171213,-0.122404004093152,"A"
599,-0.751791136200061,-1.04862765791197,"A"
600,1.54860410799924,-2.42338938638761,"A"
601,0.479580599481192,0.12232935881741,"A"
602,0.980668505393299,-0.179657347515726,"A"
603,0.6678241991185,0.974799137505844,"A"
604,0.063680582401184,0.369465218300158,"A"
605,1.8666480107845,-0.473181961045704,"A"
606,1.61240795267867,-1.27092701332372,"A"
607,1.40774918068836,-0.669583363779252,"A"
608,1.30534027403594,-0.43986459156476,"A"
609,0.528175983978201,-0.971183948617023,"A"
610,0.210248461050126,1.14777441512075,"A"
611,2.06422764639693,0.0318670461336672,"A"
612,0.912053628263001,-1.17737869372779,"A"
613,-0.642553008173829,-2.30905942752296,"A"
614,0.631891497923697,-0.221511087648751,"A"
615,1.24833066536036,-0.232737555608984,"A"
616,1.23628492540755,-0.559743561563324,"A"
617,0.591226642025636,-1.66562585457568,"A"
618,1.67682484307824,-0.438323123412621,"A"
619,0.566295722622149,-0.243339563444096,"A"
620,2.0535349365049,-0.790147308750234,"A"
621,2.70975275847188,0.713254011912996,"A"
622,0.306107857722446,-0.412695058976796,"A"
623,-0.144123514788087,0.291589187234412,"A"
624,2.54267202720382,0.249590076158005,"A"
625,0.6247461069462,-1.14022679415232,"A"
626,0.498212576914342,-0.587725621628113,"A"
627,1.05005332620135,-0.438366408042508,"A"
628,-0.361778125511619,-1.59172475237856,"A"
629,0.488829502436552,0.814080422343018,"A"
630,0.115959834751387,0.692045418460365,"A"
631,0.915317726197766,-0.165943879467641,"A"
632,1.22675661903909,-0.10199224085771,"A"
633,-0.123319354532496,0.122561706913035,"A"
634,-0.382068402178289,-0.448881707362696,"A"
635,0.792499977122804,-1.16810586204238,"A"
636,0.0725394047744077,0.146077894083368,"A"
637,1.6741886351149,0.103072270246467,"A"
638,1.98183333551222,-0.213762987443463,"A"
639,-0.493845223430136,-1.27505249601135,"A"
640,0.267833956254326,-0.564725741957379,"A"
641,1.46546646223849,-1.03595833002803,"A"
642,1.66686294560465,-1.10009279571636,"A"
643,-0.496991280071582,-0.75683268443944,"A"
644,-0.50754321871027,-1.31330347712565,"A"
645,0.719939226190049,2.24784184279762,"A"
646,0.564994378953794,0.68599117661996,"A"
647,0.143533945334302,0.206877821162174,"A"
648,0.173786541307752,-0.207564795686633,"A"
649,-0.028900679448825,-0.273978696674448,"A"
650,1.35160264829143,-0.602230686133792,"A"
651,-0.242877098411164,-1.31661726652941,"A"
652,-0.762591415068334,-1.36311060439675,"A"
653,0.422353212278323,-0.530158440489027,"A"
654,0.431986367430091,-1.63938766366572,"A"
655,2.56212671318027,-1.26717770600904,"A"
656,0.246675435511486,0.851230324576249,"A"
657,0.834038170545519,2.54226977508131,"A"
658,0.0732116103668669,-2.1184162007293,"A"
659,-0.238009708910115,-1.8325699373704,"A"
660,-0.174561215350067,-0.382493304694173,"A"
661,1.62180693000809,-0.063830781580841,"A"
662,0.761187774180084,0.717096624232351,"A"
663,0.34190169938025,0.805420208547227,"A"
664,0.471192293862028,-0.560099362688382,"A"
665,2.09104416479934,-0.435929920429566,"A"
666,1.32833325618872,0.572053867772797,"A"
667,1.07562155579842,-1.31480478603916,"A"
668,-0.148007313307317,-1.39628604124898,"A"
669,1.72213866517406,1.21548984252242,"A"
670,0.462013692339849,-1.25141817287588,"A"
671,-0.295971781928286,-1.94937076504792,"A"
672,2.19590725960795,0.298919728886144,"A"
673,0.790553552840439,-1.87131644798071,"A"
674,1.19886036799757,-1.28827160351728,"A"
675,-0.399558385081142,-1.02516823390995,"A"
676,1.13536935110168,-0.886026289696256,"A"
677,0.834196334868148,0.311162996097855,"A"
678,0.448188897488437,0.812333580550042,"A"
679,0.9920013557114,-1.26629932553305,"A"
681,-0.0896429425484632,-1.15293468952234,"A"
682,1.14043085246555,1.80124969983775,"A"
683,2.66391844766316,-2.51245450181408,"A"
684,1.64167446715069,-0.201325563390828,"A"
685,0.285483159884838,-1.15262178954997,"A"
686,-0.17873273027451,0.929863326601258,"A"
687,1.19294909912857,0.101318418138912,"A"
688,1.28953262530092,0.557682343967426,"A"
689,1.20166856006705,-0.308410177681855,"A"
690,0.5560316855598,-1.6049706788478,"A"
691,1.66822584636261,-0.683842953070225,"A"
692,0.588518204037734,-0.320855927454487,"A"
693,1.03234031958959,-0.222345804360821,"A"
694,0.776950867661438,-0.293996009936714,"A"
695,-0.559780373106129,-1.78402834139466,"A"
696,0.0867935044959303,0.239534332719028,"A"
697,1.27116299072088,-1.25780816987872,"A"
698,1.11899645464084,-0.705579620740782,"A"
699,1.22452245547034,0.315026391831229,"A"
700,1.08126172878195,0.0806405909039542,"A"
701,0.857728830392915,-0.917754548717512,"A"
702,0.573830200922281,-0.963414049754707,"A"
703,0.316894301181314,-0.602717843838213,"A"
704,1.40230295556785,-1.2235517590083,"A"
705,1.65793771794233,-1.81840962758339,"A"
706,-0.0683771544612106,-0.474674349261596,"A"
707,2.18572966374565,-0.442972559402112,"A"
708,-0.571198043008891,-1.17272232078256,"A"
709,1.80698323522263,-0.885043745313283,"A"
710,1.79279275246653,-0.125147800926832,"A"
711,0.417209144488435,-1.23431054083242,"A"
712,0.360747472337488,-0.194627779681571,"A"
713,-0.115338419795654,-1.61751919680328,"A"
714,0.138412794528638,-1.14726042915576,"A"
715,0.641846394417847,-0.708206951544608,"A"
716,0.324345312089714,-1.24028381840336,"A"
717,0.964440064909379,-1.2838640822403,"A"
718,1.6413563951706,-0.404841273792787,"A"
719,0.508817444954274,0.173187062868504,"A"
720,1.37313055074212,0.608618863541838,"A"
721,0.847278562248734,-0.100630894827487,"A"
722,0.508261854097047,0.665638058944243,"A"
723,-0.133606600861749,-0.261724611641884,"A"
724,2.25244970428792,0.251937051481672,"A"
725,1.11243788834492,0.0378364435423529,"A"
726,0.868996660628067,-2.17389361161089,"A"
727,1.75857318267281,0.172630914685352,"A"
728,0.358026416270726,-1.46690944806055,"A"
729,0.438214440057441,-2.4045346098408,"A"
730,1.90130874471253,0.611595252970609,"A"
731,0.395502980842081,0.0187271772268729,"A"
732,0.604658488403673,0.121308050106077,"A"
733,1.26341620549262,-0.450938769868425,"A"
734,0.88757288483493,-0.156297026051933,"A"
735,-0.968388386819304,-0.849276144596851,"A"
736,0.514431297824478,0.69618706056604,"A"
737,0.821989220430708,-0.675133297634262,"A"
738,0.0979446458226381,-2.104942152833,"A"
739,1.86380273921011,-0.31171978630321,"A"
740,0.816489915577812,-0.397754918403393,"A"
741,0.589472404216649,-1.15140809843761,"A"
742,2.3044025978349,0.160389849588765,"A"
743,-1.70096395554764,-0.959349262024138,"A"
744,1.46908472763729,-0.481721520356776,"A"
745,0.338790376697156,0.902802809148098,"A"
746,0.925587129375736,-1.69755859849577,"A"
747,0.152410230314297,0.747556387892046,"A"
748,1.21522658906366,-0.687878816792682,"A"
749,-0.400169646988162,-1.24972284763966,"A"
750,1.39309640874549,0.919291614707773,"A"
751,0.9360582629443,-0.930449212915874,"A"
752,-0.00487086750097299,-0.88350816591564,"A"
753,1.88714674552227,1.36597922856068,"A"
754,0.12394841361066,-2.10052653880649,"A"
755,1.8489857650225,-0.49241058219208,"A"
756,0.243375552348545,-0.528836864542916,"A"
757,0.530569722759896,1.7379078268897,"A"
758,0.86951436723191,-2.00892738795334,"A"
759,-0.554780640071233,1.39710506936862,"A"
760,2.32435351888206,-0.733241871931273,"A"
761,0.20257077869371,-1.14138843742583,"A"
762,2.36366040756378,0.0658033450689668,"A"
763,0.427565950290166,0.594038722799001,"A"
764,0.478609482315927,1.05600689706479,"A"
765,0.169503646339786,-1.08964364138534,"A"
766,0.310998824178665,-2.5405696032076,"A"
767,1.68753471365289,-0.179031349018945,"A"
768,1.14236390487319,-0.274591175119128,"A"
769,0.593102246384506,-0.49891557762782,"A"
770,0.591967232594397,1.10342764716004,"A"
771,0.42380585617539,-0.262237035664643,"A"
772,1.16898197613323,-0.489893533029389,"A"
773,0.977647326099362,-0.607819727230469,"A"
774,2.68793494407176,0.606923870139917,"A"
775,-0.273179987810618,-0.871217997859987,"A"
776,0.530713658518421,-0.805493572254773,"A"
777,1.4864324901213,-0.301879728745828,"A"
778,2.49325793176762,0.746288676689567,"A"
779,1.04089130740672,0.603283705130227,"A"
780,-0.0746674737499185,-1.36574130701789,"A"
781,-0.122198810367103,-0.94477634978812,"A"
782,1.40543743259397,0.130209530894026,"A"
783,-0.250624763421096,-1.65404802202792,"A"
784,1.5133710639196,0.827789093890692,"A"
785,1.23479369817292,0.730620910641148,"A"
786,1.19522616334939,-0.236512876241826,"A"
787,0.160493708358657,0.666083088453296,"A"
788,0.578801576825186,0.3234564644962,"A"
789,0.467827440479487,0.934605701634073,"A"
790,0.742970300144602,1.52106807048449,"A"
791,1.66276721788571,0.682735616575133,"A"
792,0.1321528137529,0.567232325731051,"A"
793,-0.306762813378288,-0.347832164610401,"A"
794,1.60341642380686,0.982914780888893,"A"
796,1.41291833603894,2.44561884796201,"A"
797,0.451659153926614,-1.49765217597269,"A"
798,-0.0958364662086413,-0.0575374796267502,"A"
799,1.30160376767546,0.851797522727791,"A"
800,0.525463945902602,-0.578249367601002,"A"
801,0.708310742838456,0.183378382592699,"A"
802,-0.0420277665985029,0.165577238283623,"A"
803,1.33306109860402,0.242136622637634,"A"
804,0.482280263083539,-0.443498571089942,"A"
805,0.62494075283143,-2.04102425511297,"A"
806,1.10821177242444,0.454206048772933,"A"
807,-0.433860997743539,-1.46795818544371,"A"
808,0.617568525054917,-0.013495266299259,"A"
809,1.8718906056252,0.434834854039791,"A"
810,1.44351541533436,0.595236544465195,"A"
811,-0.641488906717904,-1.36114042512696,"A"
812,0.363206916643959,0.178699537099214,"A"
813,0.710753977762702,1.48879713421797,"A"
814,1.81025973072656,-0.771478663837982,"A"
815,2.45517448118252,-0.592871830360372,"A"
816,1.62630744738427,-1.53769489672983,"A"
817,0.164087221474448,0.059056592292013,"A"
818,0.9592108106114,1.34012706453272,"A"
819,1.00732285095188,0.16919771172028,"A"
820,1.1593987902172,-1.07884551405972,"A"
821,0.764795481886946,1.2185335464708,"A"
822,0.96445752319637,0.582391849342823,"A"
823,-0.137611573781082,-0.632523514696989,"A"
824,0.124058418786853,2.13757084117729,"A"
825,0.400104647325424,-0.383188743806854,"A"
826,0.335494087154971,-2.05159267333286,"A"
827,1.75893106175204,-1.22958589403606,"A"
828,1.79079321140732,-0.33462678777984,"A"
829,1.20592094198937,-0.585789299685393,"A"
830,0.343747709620398,-0.784602159128658,"A"
831,1.65083729742833,0.124865437463786,"A"
832,1.30935674610211,-1.58558724506715,"A"
833,1.03711897874687,0.605026368905334,"A"
834,1.13405816398177,-0.260549832085766,"A"
835,0.292744829284635,-0.662237002132701,"A"
836,0.625649932698507,-1.18031396442286,"A"
837,1.06394265530383,0.250406919770996,"A"
838,1.33162945471794,-0.533828734000898,"A"
839,2.46521723470164,-1.20001207522341,"A"
840,0.385484590930896,-0.431020416731985,"A"
841,0.957221142339386,1.41552929320912,"A"
842,1.07303815392101,1.39073215563701,"A"
843,0.195047617488527,0.237597155680044,"A"
844,0.475199995438843,0.0573866859238812,"A"
845,1.81576886375449,0.89769049194444,"A"
846,2.02385010829273,1.79859527913428,"A"
847,0.578221735127723,0.465729948901261,"A"
848,1.17433325475514,-0.737773370303355,"A"
849,0.766326488308242,1.47056754296994,"A"
850,0.353504952992655,-0.701756301194665,"A"
851,0.629551103032762,0.26822670262961,"A"
852,0.95553146532085,0.238447386243077,"A"
853,0.482950242034716,-2.40650540028648,"A"
854,0.613347206686247,-1.17822308572851,"A"
855,0.840841886531896,0.835886224276705,"A"
856,2.56894899729126,-0.987788130190625,"A"
857,0.500924469258903,0.0737873422817277,"A"
858,0.519998878122251,-0.914194196655899,"A"
859,1.78344386060439,-1.1425251490014,"A"
860,1.00089618446269,-0.20149334053575,"A"
861,1.10228636919528,0.879727932337475,"A"
862,0.438546941021582,0.591253097264375,"A"
863,1.05609072300098,-0.772823354988079,"A"
864,-0.868004125150558,-1.16238633942041,"A"
865,0.875999524219981,-0.537411844319366,"A"
866,1.48707823240987,0.232035857759515,"A"
867,0.262858686767354,-0.283996967105477,"A"
868,-0.583050489726329,-1.61133787964381,"A"
869,0.764273975882764,-0.819297268515251,"A"
870,0.529077686656309,1.63337207794778,"A"
871,1.27146875181906,-0.923095429877305,"A"
872,0.237741042599307,0.539975112622531,"A"
873,1.50246784100046,0.302876459557719,"A"
874,0.581016981424598,-2.50515884960941,"A"
875,0.0217424326942046,1.43225743444531,"A"
876,0.978009228537526,-0.330369613398837,"A"
877,0.956628879750356,-0.969037876307114,"A"
878,1.92734252571665,-0.111873452714401,"A"
879,1.36107883064931,0.75628801642135,"A"
880,0.997929058679052,-0.130883837251603,"A"
881,0.361477621078226,-1.03997002127553,"A"
882,0.867518407652636,-1.11175144945399,"A"
883,0.66561646167366,0.567807400507501,"A"
884,0.184534726237624,-0.761477330503492,"A"
885,-0.642808286103439,-1.79463489503806,"A"
886,0.0702430883096822,1.22445850824628,"A"
887,1.40405198348801,1.15068346013092,"A"
888,1.45357202980689,0.14360939133049,"A"
889,0.0691559074239607,-1.5561935549486,"A"
890,-0.119547853442944,-0.382239555795417,"A"
891,-0.00648139539067308,-0.333999737058615,"A"
892,2.02535237998819,-1.25636115872092,"A"
893,0.203146835102808,0.954922702502525,"A"
894,0.769210929651921,0.798168699403634,"A"
895,0.659386120440271,0.0779506010298401,"A"
896,1.48685140500198,-0.945159182611793,"A"
897,0.736033424053012,0.933876057669947,"A"
898,0.780622739395847,1.02885511883259,"A"
899,-1.26856552764015,-0.557178404383847,"A"
900,0.41117971593032,0.694048494693096,"A"
901,0.369029286639819,-0.053541694456866,"A"
902,0.430796479771522,-0.374664225773864,"A"
903,1.18073578913203,-0.0133996900976649,"A"
904,2.3126839329173,-0.32665164559431,"A"
905,1.05014919380183,-0.0254738099829906,"A"
906,0.632108763581126,0.310129373040803,"A"
907,-0.163314662652364,0.360664443578926,"A"
908,0.438372416364583,0.821510015923637,"A"
909,0.788902383366838,-0.762726844421543,"A"
910,-0.898451025870817,-0.170908570207028,"A"
911,1.17231921616054,-0.974895945749919,"A"
912,0.657785016739603,0.441869671666322,"A"
913,0.906704055039319,-1.15724116176257,"A"
914,1.38178603520596,0.154575136341997,"A"
915,-0.222467268738919,-2.04733719428895,"A"
916,0.995658755795932,-0.173064184236684,"A"
917,0.10801309642944,0.130274201902001,"A"
918,0.392883812697064,-0.0527634742202684,"A"
919,-0.012574485730123,0.393818568780528,"A"
920,0.902668158489222,-1.27670915258537,"A"
921,1.36320283787634,-0.930354740142603,"A"
922,0.649482175509632,-1.96665019274571,"A"
923,-0.101396174946366,-0.693773688351216,"A"
924,0.0148705027856314,-0.417026141399604,"A"
925,2.27055355496428,-1.47696771951282,"A"
926,-0.214710607182362,-0.0059682384430868,"A"
927,0.353974061620667,-0.0942369094246261,"A"
928,1.78318428048896,-0.723016292515547,"A"
929,1.72239419600232,-1.4395020840688,"A"
930,0.544044112327553,-0.595337478666326,"A"
931,-1.06802532892174,-1.95655371145397,"A"
932,0.728856483592419,1.65873874811958,"A"
933,0.624272135017578,0.786043131539837,"A"
934,0.457242168298993,-1.77750168172604,"A"
935,-0.734016824772336,-0.316993147168306,"A"
936,1.63638015916431,-0.713218680343903,"A"
937,1.66034014399823,-0.112842285466171,"A"
938,1.74142969858629,-0.403638697528671,"A"
939,0.126236698713803,0.391450726196187,"A"
940,-0.196699192536353,-0.347333370206841,"A"
941,1.3820020510191,-0.988972293238057,"A"
942,-0.623404844487846,-0.117613694967774,"A"
943,-0.306471131870193,-0.912981368619229,"A"
944,1.15830062485446,0.464441722563971,"A"
945,0.347150656499919,-0.373502720177608,"A"
946,0.721903118657306,-0.143855691340349,"A"
947,0.423506325329032,-0.0690858113741457,"A"
948,1.01810016757946,-0.609941610626411,"A"
949,0.790507742420379,-0.40982324727012,"A"
950,0.671885322416584,-1.62680279438723,"A"
951,1.1859192315603,1.59383853939653,"A"
952,2.4494428568991,0.734583272714081,"A"
953,0.520815716065352,-1.20138152221838,"A"
954,0.84987355183266,0.73114788432249,"A"
955,2.12587143827546,0.415071351860075,"A"
956,1.61996318364678,0.0194281826978652,"A"
957,2.21812571104805,0.384418906636637,"A"
958,-0.11756473165281,0.203169008017654,"A"
959,1.00142359890035,0.496960432383391,"A"
960,2.72220492337884,-0.183751424755278,"A"
961,1.59290069059956,-1.21437622943162,"A"
962,0.973519503514142,-1.24964942383047,"A"
963,2.99929285556707,-0.616677563145858,"A"
964,1.51077664443879,-0.724055080955157,"A"
965,0.650919350920989,-0.738656684787353,"A"
966,0.78528333864753,0.922697039020311,"A"
967,1.11725030120395,-0.434773391704471,"A"
968,0.78351657470165,0.715530550272871,"A"
969,0.38559833597595,1.12273890571327,"A"
970,1.27787849326532,1.09272809684144,"A"
971,0.937354226231516,-1.5143552761965,"A"
972,0.409979217226537,-0.393191477271864,"A"
973,-0.105603968082794,2.23304610014153,"A"
974,1.13320964451208,1.02253768158494,"A"
975,-0.061364226097312,-1.64187744001223,"A"
976,0.456393995076521,0.461923428481347,"A"
977,0.210320158244324,-1.20832205737494,"A"
978,-0.30880230832241,2.70913884633403,"A"
979,-0.902717607939978,0.577656316662277,"A"
980,0.0161342120478613,0.976385970977698,"A"
981,0.30672506192585,-1.70675331077179,"A"
982,-0.157925966828137,-0.687587177860142,"A"
983,0.20525591772699,-0.809925490766311,"A"
984,2.25607089169877,-0.590056215883698,"A"
985,2.82160747535602,0.227874077678327,"A"
986,1.14614123952614,-0.871968750520527,"A"
987,2.27428253076963,-0.137112724930598,"A"
988,0.698021575405034,0.255928231168416,"A"
989,-0.506110887088097,-1.38265435623229,"A"
990,-0.57936477663037,0.30266553768911,"A"
991,2.34956827271651,-0.195247909065526,"A"
992,2.04886173622777,-0.840607308081441,"A"
993,0.843097973762358,-1.27169688556323,"A"
994,0.969349477804812,0.831061549984074,"A"
995,-0.239662905636085,-1.64841454137456,"A"
996,1.33226858588156,-0.439631312472247,"A"
997,1.36452114362121,-1.47528671793305,"A"
998,0.925110908762691,-0.346159752779512,"A"
999,2.61332372856083,0.041733165174902,"A"
1000,-0.294944136715553,-1.73283403929946,"A"
1001,-1.08421741713171,1.71699124834916,"B"
1002,-0.845914705272973,1.594937953547,"B"
1003,-0.977873084661314,2.1649436159726,"B"
1004,-1.52067853211114,0.126644147072031,"B"
1005,-1.56635589477704,1.63406119525494,"B"
1006,-0.649926941083995,2.80108868568607,"B"
1007,1.53235128759501,0.561158965485413,"B"
1008,0.148093110026118,2.0448133534441,"B"
1009,0.510667603605256,2.00559492046519,"B"
1010,-0.378177441920554,0.511641617871429,"B"
1011,0.133018894953082,0.971444061307914,"B"
1012,0.0114504456535841,2.32698646649332,"B"
1013,-1.62184864314492,2.47333302626513,"B"
1014,-1.1726010548046,2.38209603215297,"B"
1015,1.13358339808284,1.28665248411238,"B"
1016,-2.05047992474632,1.06062571965835,"B"
1017,-0.866329159593418,2.47937290573012,"B"
1018,-1.9763549911286,2.39324094048716,"B"
1019,0.873893703925997,-0.587440144805881,"B"
1020,-0.120314303929103,0.16030186167167,"B"
1022,-0.407092034849485,2.9860141574273,"B"
1023,-1.33319272249237,2.11880094883181,"B"
1024,-0.812260582644621,0.773219606939202,"B"
1025,0.103633159564766,1.89954547081991,"B"
1026,-0.905938074067915,0.908312878100019,"B"
1027,-0.369571011944916,0.87107890954326,"B"
1028,2.9386567160856,1.24794664441564,"B"
1029,2.38773388721398,0.378040162908802,"B"
1031,-0.461468893278181,1.66158341714207,"B"
1032,0.60355530953864,1.37237021960199,"B"
1033,0.229638053181225,0.277849471267872,"B"
1034,-0.604114823752429,2.83038802113617,"B"
1035,0.196413622176693,2.41834434672985,"B"
1036,-0.785029861243913,1.72788140698044,"B"
1037,1.44492645427061,1.93232332224159,"B"
1038,0.326948060075104,-0.291083715538709,"B"
1039,0.139406447819378,1.50638360476237,"B"
1040,-1.91149491484516,2.77804214665414,"B"
1041,-1.95725283975456,0.841018301167987,"B"
1042,0.837613831472077,-0.0774372381632109,"B"
1043,-1.86667812915799,2.06199013351288,"B"
1044,-0.998513414557217,1.79075442188221,"B"
1045,-1.51872133581678,2.14788477506651,"B"
1046,0.584001592037192,2.57943905531313,"B"
1047,-2.14831609836061,0.738348025417228,"B"
1050,-0.556447105228226,1.44746432624024,"B"
1051,-1.33036754217331,1.48365113761628,"B"
1052,-0.773663004389282,1.24218796450699,"B"
1053,-1.05332479841007,2.81155139817071,"B"
1054,1.14806572504282,0.430360449723409,"B"
1055,0.0224592866776617,1.34745491644302,"B"
1056,-0.879871541614847,0.81728431905786,"B"
1057,0.410958985180762,0.206173150609226,"B"
1058,0.646753592397567,1.62208822208385,"B"
1059,-1.89526094309298,2.14663740001383,"B"
1060,-0.232008001921093,0.0797650465486503,"B"
1061,0.46650542184151,0.12451187879484,"B"
1062,0.0936660522433882,1.39893618381978,"B"
1063,2.48053137694814,1.90315126291682,"B"
1064,-0.747453434079342,2.33086054464864,"B"
1065,-0.612929497934755,2.20836528067017,"B"
1067,-0.912195446165176,2.17550703843951,"B"
1068,-2.2141488768071,1.62200898294479,"B"
1069,1.21421312652825,0.717516302728154,"B"
1070,2.05542745319972,1.07436695486299,"B"
1071,0.195719804763374,1.82290346523143,"B"
1072,1.30499268695685,1.15387091041161,"B"
1073,-0.466970820875736,2.62944067481956,"B"
1074,0.322903676484335,-0.836586783764063,"B"
1076,0.743412270150112,-0.156243165167153,"B"
1077,-1.90587100479142,1.52486720850166,"B"
1078,1.52682156049057,0.86832616356072,"B"
1079,-1.89463241755029,2.50047326204079,"B"
1081,-1.52752723424409,0.672435613962901,"B"
1082,0.524311790337727,0.101897290198072,"B"
1083,-0.500762153961519,1.84492235605444,"B"
1084,-0.131531156363347,2.38926868539217,"B"
1085,-0.250662499507903,2.39117235669627,"B"
1086,-0.276446274220073,0.554744986489479,"B"
1087,-0.252370524342257,1.075538221746,"B"
1088,-1.0976763371034,0.249287103533804,"B"
1089,-0.3362565544129,2.79969297378081,"B"
1090,-1.07134933707383,1.56983574562674,"B"
1091,-1.01418443371388,1.28158609858158,"B"
1092,-0.500732875811929,2.38549429816813,"B"
1093,-2.00833349677491,1.04438484784645,"B"
1094,-0.585218754989516,2.29741816340345,"B"
1095,-2.02020110659548,2.50056560861447,"B"
1096,2.25638786943202,-0.0347356554367684,"B"
1097,-2.09634070287625,1.32756726640556,"B"
1098,-0.328648254011355,2.91016491821717,"B"
1099,0.320545245035677,1.33825285152843,"B"
1100,-0.11929788084565,1.42854178520185,"B"
1102,-2.06049793957087,0.44304715814125,"B"
1103,-1.71205878914186,1.20961477175447,"B"
1104,0.664068277752776,0.739211599011973,"B"
1105,-0.139646180211776,2.38693331340163,"B"
1106,-1.63639693669648,0.351392015206878,"B"
1107,-0.502902481238176,0.370956793860114,"B"
1108,-1.42216420126112,0.468293910490729,"B"
1109,-1.09474529400013,1.79860062746666,"B"
1110,-0.836347307035164,1.4484196952245,"B"
1111,-2.1588370712666,2.63242553765077,"B"
1112,-0.644312004623358,1.15079612903734,"B"
1113,1.54184417585632,-0.327508926733834,"B"
1114,-0.321090030377887,0.0232487389393,"B"
1115,-0.423471988992326,2.10696932688929,"B"
1116,-0.156228905308021,1.82579980231118,"B"
1117,-1.24192159536238,1.7529598242835,"B"
1118,-1.61538981010437,1.0913918506721,"B"
1119,-2.16187454144528,1.39753889079855,"B"
1120,-0.158991396643838,1.17657322040805,"B"
1121,0.774548251170355,1.51201303168248,"B"
1122,0.400360370920153,0.673986506189912,"B"
1123,0.18314503794823,2.3410333746139,"B"
1124,1.09208767606349,0.99070914020075,"B"
1125,-1.39130346012657,2.12290295579482,"B"
1126,-2.24473667540419,2.65173133111011,"B"
1127,2.92430303437311,1.31088590946987,"B"
1128,-2.09183122565854,1.74085360408455,"B"
1129,-0.5854344253594,1.09115946157982,"B"
1130,0.0405008177360434,2.94831697455764,"B"
1131,-2.1732691131488,1.01553436724559,"B"
1132,-0.493932124366167,2.40278848918219,"B"
1133,-0.719926587012907,2.93243604679897,"B"
1134,0.191483799131772,-0.853661019891999,"B"
1135,0.716407179876513,-0.229166889969107,"B"
1136,-1.68848568028452,1.82732960488232,"B"
1137,1.9681529175224,1.14866978662606,"B"
1138,-1.60516585192329,1.80832246151762,"B"
1139,-0.168321787786249,0.456069275902515,"B"
1140,0.620690955926124,-0.293593004926243,"B"
1141,-0.934033790259774,0.509058189091488,"B"
1142,-1.40058686678662,1.84235918389276,"B"
1143,-2.09780171356967,1.76463214112125,"B"
1144,0.922068470685042,0.650856756408977,"B"
1145,-0.736133813356742,2.61815636485314,"B"
1146,-0.125315858563372,0.342884393361519,"B"
1147,0.901518524107523,0.259982080345209,"B"
1148,0.312359853305124,1.26049419897257,"B"
1149,-1.10069436266475,2.62331206641639,"B"
1150,-0.637833792496568,2.12939319645292,"B"
1151,-1.97181440324455,2.36845793826629,"B"
1152,-1.90338999834521,1.98929138921583,"B"
1153,1.03792124251657,0.550394202298763,"B"
1154,-0.594027091266516,0.0342943655196863,"B"
1155,0.361351245076215,1.95247129724478,"B"
1158,0.340396221746705,1.3992904516157,"B"
1159,0.56306332842728,-0.426612245606125,"B"
1160,-1.07884490864221,1.47027622213129,"B"
1161,-0.919887995102886,2.47335486192069,"B"
1162,-1.60385806346463,2.06200760079629,"B"
1163,0.376551849438823,0.427020447853868,"B"
1164,-1.00058492035346,2.06605012533323,"B"
1165,1.68877982304709,0.395992402642211,"B"
1166,-0.384315922344125,2.45110696635084,"B"
1167,-1.97279326318372,2.91263497956923,"B"
1168,-0.969418323711726,2.02482937275868,"B"
1169,-1.50121051241884,1.28752171256696,"B"
1170,-0.567944370385903,2.82820111923039,"B"
1171,-1.58381119465723,2.61511109835133,"B"
1173,-0.0577950801640694,-0.610933845338519,"B"
1174,2.11122414301989,1.77398450284243,"B"
1175,0.69848381041834,0.61136859781282,"B"
1176,-0.578209699575173,1.32233859832396,"B"
1177,0.807849543922519,0.533043995176054,"B"
1178,-0.39291792342193,1.6760831426077,"B"
1179,-0.503716129357434,1.00857992438893,"B"
1181,0.198913569704308,2.30244359381492,"B"
1182,-0.935534484710046,1.71532867572235,"B"
1183,-1.07964157639237,0.729544709976895,"B"
1184,-1.88519795274507,1.70949704202013,"B"
1185,-0.647574987828658,1.90157319576921,"B"
1186,1.26288110222557,1.32032140252847,"B"
1188,-1.00511065362019,2.30945986503388,"B"
1189,-1.5221245978765,-0.0922098720409568,"B"
1190,-1.52889034737859,1.82552990203187,"B"
1191,-1.24132293816475,2.82325358263971,"B"
1192,-1.83252859538267,1.12440727180288,"B"
1193,0.394815188171577,0.841936095390682,"B"
1195,0.321312412601738,1.03133849711436,"B"
1196,-0.350975840221975,0.239444257809671,"B"
1197,-0.374200045308623,2.38862199994738,"B"
1198,1.83732352169819,1.23197822573565,"B"
1199,-0.377562095961379,2.7913234543521,"B"
1200,1.53126179833582,0.697662590773842,"B"
1202,-1.33131187408795,0.827628737591669,"B"
1203,0.770787243174585,2.87721325803702,"B"
1204,-1.27674745805434,2.41334778484043,"B"
1205,0.977662112838254,1.76538299994235,"B"
1206,1.41039492762256,1.22974603858122,"B"
1207,-2.40551310938715,1.17057945372842,"B"
1208,0.335789130207948,2.26332295056166,"B"
1209,-0.90424832413701,1.90979429675656,"B"
1210,0.0878407831088638,0.657812428753331,"B"
1211,-0.0466375931627794,-0.137556880543917,"B"
1212,-0.441857781774593,0.624774885889331,"B"
1213,-0.264622228706321,2.75044953686912,"B"
1214,0.979108973137502,1.03875475128486,"B"
1215,-0.235373990493936,1.79254751536889,"B"
1216,1.27360570685052,0.416090651803381,"B"
1217,-0.165464305788624,2.79115846920805,"B"
1218,0.987672292028507,2.27233768199263,"B"
1219,-1.4353852594979,1.10004488862309,"B"
1220,0.396393302173897,0.964867056552423,"B"
1221,-1.68685255536495,2.06091030055898,"B"
1222,-0.212314434244362,1.07423694109892,"B"
1223,-1.00306667389594,1.21523989332902,"B"
1224,1.00291575934337,0.851955915420498,"B"
1225,1.58725530313243,1.16279336410776,"B"
1226,-1.01455584323369,2.41102556248604,"B"
1227,-0.511325177746631,2.84139488830607,"B"
1228,1.10179220632522,0.990964462370559,"B"
1229,-0.0640578234245055,-1.29131023821502,"B"
1230,0.0785341353516098,-1.1467776016637,"B"
1231,-0.164719131183784,2.41054138464255,"B"
1232,-2.85382199529648,1.71218494863763,"B"
1234,-0.546008290764339,2.82011264734709,"B"
1235,0.639635465513871,2.37290938270772,"B"
1236,0.393228116418566,0.46283030709317,"B"
1237,-0.778408383859905,1.73754997299422,"B"
1239,0.464682381168868,0.215630244661716,"B"
1240,-0.648172247232294,1.57949549870056,"B"
1241,1.39531115527101,1.36524638888373,"B"
1242,0.79513096243818,0.889143130954277,"B"
1244,-0.258634186830079,2.34473745847199,"B"
1245,2.23182469114663,0.412690350674708,"B"
1247,-0.302879897137238,0.797640230307115,"B"
1248,-0.34340894128556,1.87139404993915,"B"
1249,-2.68226134010697,1.52286872159204,"B"
1251,-0.799389648360859,1.69622106239323,"B"
1252,-0.40180728884972,0.735389827956126,"B"
1253,-0.171801037137927,-0.163585106279581,"B"
1254,0.499731390337778,2.17118623467569,"B"
1256,-0.0503974846081717,2.80507056360815,"B"
1259,-0.32144421148629,2.54858952467066,"B"
1260,-1.63355435373848,1.27826845100785,"B"
1261,-1.28005803861971,1.17992753553929,"B"
1262,-0.0209312291333747,1.88921145341262,"B"
1263,1.74597357327228,1.11293119332462,"B"
1264,-1.20970633138887,1.84767931845512,"B"
1265,-1.4939526501722,0.490201382274499,"B"
1266,-0.191022930921233,2.76083019762542,"B"
1267,-1.5716886107722,0.356753450810271,"B"
1268,2.40781831971038,0.494712737536751,"B"
1269,0.326978981872976,0.873821848600705,"B"
1270,-2.14401816345082,1.59391127542901,"B"
1271,-1.35369722993833,0.935417622930296,"B"
1272,-2.0122840602594,2.38989993073184,"B"
1273,-0.398139960063178,2.79881223501103,"B"
1274,-1.78422832239432,1.22320152528284,"B"
1275,0.403011006591464,-0.0622339875150597,"B"
1277,-1.16025205518041,1.5955773802521,"B"
1278,-1.85334995989587,1.57443869793707,"B"
1279,-0.0429353572051251,2.58550992143889,"B"
1280,-0.85604796587036,1.33339247379721,"B"
1281,-0.472197286487061,0.927770594769627,"B"
1282,1.67992727031113,0.548032866655993,"B"
1283,-1.03238118559146,1.27915883724384,"B"
1284,-1.39857864472891,-0.705593197878315,"B"
1285,0.713588907802301,0.724390702231485,"B"
1288,1.00624890512186,1.26631066935012,"B"
1289,-0.0767420117064402,2.60909808295617,"B"
1290,1.50451983619125,0.0911030648611378,"B"
1291,-2.10137717463498,1.69086382598625,"B"
1292,0.628074224192475,0.409056250661019,"B"
1294,0.401023904757856,2.5298672930202,"B"
1295,-0.431042939311114,-0.739828897207878,"B"
1296,1.61517567865162,-0.480556145770305,"B"
1297,0.160489710879162,-0.0305846460383751,"B"
1298,-0.343392314017184,1.11592149918759,"B"
1299,-1.0691634583988,2.87551464833504,"B"
1301,-0.25564916011361,1.70756489652473,"B"
1302,1.67385100845489,-0.477132734113787,"B"
1303,-1.33034226875779,0.59206835759841,"B"
1304,0.0555211317723553,2.46581428245677,"B"
1305,-0.990456814186209,1.5368499171052,"B"
1306,-0.614463792723671,-0.177025163638092,"B"
1307,-1.98199821038657,2.64653518607804,"B"
1308,0.353830880911097,2.28329817949434,"B"
1309,-0.43638610171981,2.71564742801668,"B"
1310,0.445518281828592,0.576509124976543,"B"
1311,-0.329847112771599,1.51276480073441,"B"
1312,-1.20311487869685,2.19633282972322,"B"
1313,-0.47903832411091,1.57141415243385,"B"
1314,0.326965918712761,-0.828322032153329,"B"
1315,-0.235569469132374,1.77788099700456,"B"
1316,0.387390006250971,0.375909864132072,"B"
1317,2.02076049273225,0.737495689099714,"B"
1318,-0.685775565434077,1.48447477635068,"B"
1319,1.89120430873282,-0.115458199314574,"B"
1320,-1.4179455980964,2.74277162959762,"B"
1321,-0.738551614125986,2.26017802951862,"B"
1322,-1.21688253909645,0.577277576413232,"B"
1323,-0.796074017363883,0.821298638792321,"B"
1326,1.19210898654903,0.650028776162965,"B"
1327,0.999909241583579,2.04961791217574,"B"
1328,0.364184564371184,0.285046685074389,"B"
1329,-0.072034452133137,2.74169140160318,"B"
1330,-0.784317424251356,1.79095243558055,"B"
1331,-1.33575341768191,-0.0212458447238646,"B"
1332,-2.15089766985968,1.97005629389653,"B"
1333,1.28803659391574,-0.689218373722591,"B"
1334,1.77539279743551,0.856009074565444,"B"
1336,-1.25054240998998,2.77664235526999,"B"
1337,-0.644767277060204,0.183674004199882,"B"
1338,-0.526450123004365,2.81414656726435,"B"
1339,-0.544724273159356,0.776020146475344,"B"
1340,-0.114171346889233,0.906544344579203,"B"
1341,1.89744677331245,0.684831155604014,"B"
1342,-0.16771269044287,1.46609189721982,"B"
1343,0.0199613831280109,-0.647243164454797,"B"
1344,-0.903965505247164,0.96239509985954,"B"
1345,-0.891207207893914,2.1404108383607,"B"
1346,0.0870375471318506,1.05532262600541,"B"
1347,0.60265067599671,1.44377138128574,"B"
1348,2.11779772596859,0.243863192947277,"B"
1349,-2.79450596682444,2.2967024140425,"B"
1350,-0.0271225312590793,0.453959576806762,"B"
1351,-1.03644240685308,2.25556157372219,"B"
1352,-0.615398743808124,2.3145406682946,"B"
1353,-0.191307683804503,0.175572717537708,"B"
1354,-1.35062294766795,2.94942039334999,"B"
1355,-1.93017643874443,1.71123473920977,"B"
1356,-1.52180481789102,2.10940913829005,"B"
1357,-0.581334437070431,0.758386790368625,"B"
1358,-0.815593843131664,-0.87365441718373,"B"
1359,1.26671642487622,0.39225925939994,"B"
1360,0.0461845212333218,2.11824917827384,"B"
1361,-1.23735820764761,2.00399214413046,"B"
1362,0.72390053187623,0.0831672083932373,"B"
1363,-1.62790752659443,1.81654387714792,"B"
1364,0.301846090124176,1.35197981688264,"B"
1365,-0.813373767090437,2.87076322610479,"B"
1366,-1.73203136723058,1.47748985015951,"B"
1367,-0.116256739129286,0.458920441286223,"B"
1368,0.519924349815606,0.135625496366856,"B"
1369,-1.98133261605965,2.31266506419303,"B"
1370,-0.150759988793291,-0.38614099444713,"B"
1371,-0.876851548575883,2.48894951502842,"B"
1372,1.22118870386784,-0.0484316992707703,"B"
1373,0.797050321966701,1.2272235736095,"B"
1374,-2.07211376129426,2.51364448166479,"B"
1375,0.000821865826683865,1.76050465940689,"B"
1376,0.728224232262551,0.584861132395782,"B"
1377,0.63922014325401,0.480057859371238,"B"
1378,-0.720894565205005,1.01237212819736,"B"
1380,-1.59871295127913,2.33024564021897,"B"
1381,-1.25840115614893,2.23529686159494,"B"
1382,0.725072801702763,0.524808083877326,"B"
1383,-0.916743950022372,2.54722432978353,"B"
1384,0.0810468468735404,2.40109317135322,"B"
1385,-1.64001150454175,2.52412729477749,"B"
1386,-1.11243987945859,1.07504235934556,"B"
1387,-1.29720510661209,1.03579545632194,"B"
1388,0.574017743887915,0.086675011012233,"B"
1390,1.58593129488798,1.8281574990593,"B"
1391,1.06003645353577,1.88529512952491,"B"
1392,0.446066815130402,0.262407303824631,"B"
1393,1.85910255668716,0.405564041777085,"B"
1394,-0.81916688304738,2.1109887633813,"B"
1396,-0.275982376881714,1.47997527033591,"B"
1397,0.844527048473008,0.0742045784895125,"B"
1398,-1.8870563911754,0.98720597017004,"B"
1399,0.0337202135700394,2.41198139491419,"B"
1400,1.88031342458807,-0.00714318857099072,"B"
1401,-1.49558440493097,2.00867499573983,"B"
1403,0.775646385849393,1.04436054592473,"B"
1404,-0.419642292426371,1.74668949846391,"B"
1405,-0.738381166766561,2.08339767989585,"B"
1406,-0.50630913971714,1.36531192708289,"B"
1407,-0.8252429847091,1.17854237815035,"B"
1408,-0.297971016806122,1.81132757819057,"B"
1409,-0.674515829298955,2.35919186041496,"B"
1410,-0.633783392026568,1.70190065319858,"B"
1411,0.0144145730152998,0.0229533623802147,"B"
1412,-0.752355105738107,0.429070229449684,"B"
1413,-0.6887114019532,1.69896632749981,"B"
1414,-0.687653222782045,1.71887021709584,"B"
1416,0.20882917717903,1.43216240106469,"B"
1417,0.943123501095576,1.4078064003726,"B"
1418,-2.29901545313757,2.67484630456675,"B"
1419,-1.20212282407649,2.22370315634903,"B"
1421,-0.0873788822843347,0.4286849713517,"B"
1422,2.61512333987845,0.942736543667783,"B"
1423,-1.42523405951301,1.69687952338567,"B"
1424,1.28066509212693,0.827245521099571,"B"
1425,-0.432061180146063,0.580665627007218,"B"
1426,0.407941424661345,2.07295531142372,"B"
1427,-1.51462405000799,2.77957277796744,"B"
1428,0.423208279826261,1.43270057799654,"B"
1429,-1.44417177205779,1.58819440427558,"B"
1431,-0.810416788103322,2.01250828645548,"B"
1432,-0.409811344817225,-0.190358849806618,"B"
1433,-0.674263001722939,1.11927088844458,"B"
1434,-0.996398949046971,0.33129244602988,"B"
1435,-2.53408102745049,0.58587636553864,"B"
1436,0.821191635385204,0.504035475603566,"B"
1437,-0.642531104553705,1.97163637793517,"B"
1438,-0.768524935144984,2.57750351465118,"B"
1439,-0.423949614260925,0.099057583608544,"B"
1440,1.01947068825807,-0.224505596617297,"B"
1441,-1.38932801785771,0.87590387587857,"B"
1442,-1.22965361855455,0.693531993007011,"B"
1443,0.405919891889149,0.324518465643398,"B"
1444,1.8933028391003,0.859899666422559,"B"
1445,0.919704567190542,2.377663473161,"B"
1446,1.18971464946252,0.274812295529557,"B"
1447,-1.9886829055806,2.13654123142988,"B"
1448,-1.61930167039687,0.951895146517466,"B"
1449,-1.60239143101832,1.53884248632937,"B"
1450,-0.317088977640646,2.54386179622823,"B"
1451,0.613962859995386,1.35417939852238,"B"
1452,-0.847913637504344,0.354072197995333,"B"
1453,1.10881217244729,0.260678422161767,"B"
1454,-0.577978105913855,0.836124087798615,"B"
1455,1.75145678348242,0.570822554332457,"B"
1456,0.674739552069079,2.26541233184711,"B"
1457,-1.06414040646231,1.98875161728151,"B"
1458,-0.263327667718967,0.808751316824651,"B"
1459,-0.326057652552417,0.842306187196085,"B"
1460,0.110451128095557,0.405536600736107,"B"
1461,1.31940503863697,0.173868026173936,"B"
1462,-0.983092760649571,2.66150674846675,"B"
1463,0.747047886074713,-1.07889853606556,"B"
1464,-2.36124863098209,0.999091380668724,"B"
1465,-1.43133217618258,0.585894148609502,"B"
1466,-1.33791377613288,2.89529721687986,"B"
1467,-0.379444318849315,-0.366823272369008,"B"
1468,0.261447193051664,1.87079747095609,"B"
1469,1.66362829269746,0.582730761470993,"B"
1470,-1.07025246214564,2.09675813610288,"B"
1471,1.65851060225785,-0.106401979826184,"B"
1472,-1.34678707350867,2.06167772053965,"B"
1473,-0.0786405627348969,2.58153667573855,"B"
1474,-2.08136724624926,1.85791972673179,"B"
1475,-1.38090489841749,1.4035575345247,"B"
1476,1.22243826619322,0.35667163396712,"B"
1478,1.6219392833321,0.621180676110376,"B"
1479,-1.20792331464101,2.23530727843817,"B"
1480,1.38291163861402,0.875849403571576,"B"
1481,-1.3373148771278,2.37323411295631,"B"
1482,0.320271919040532,0.495547274508016,"B"
1483,-0.636164736196555,1.83155763414593,"B"
1484,0.493275913870846,2.43526410323126,"B"
1485,1.4542250678328,0.886710452882392,"B"
1486,0.838939573852209,0.481757563129269,"B"
1487,-0.547487137598395,-0.165068010868815,"B"
1488,-0.0767685586148828,2.40931742217756,"B"
1489,0.0159954902282081,1.11845017888763,"B"
1490,0.42624894863196,-0.39461045399289,"B"
1491,-1.23113345439707,1.30205707608909,"B"
1492,2.33730628459855,0.119954023869518,"B"
1493,0.805195459973445,2.33368657573397,"B"
1494,-1.82831038589317,1.47260377055114,"B"
1495,2.06569705224173,0.985848794174342,"B"
1496,0.462350012038821,0.279396356146204,"B"
1497,0.859361271869556,0.214465461775598,"B"
1498,-0.806049968683047,2.10748757653416,"B"
1499,1.43837906453415,0.368795156127062,"B"
1500,1.04404477996592,0.229680637521387,"B"
1501,0.264417158876191,-0.552486139708059,"B"
1502,0.682673527893177,0.367147563710655,"B"
1503,1.51590726653622,-0.44524984344859,"B"
1506,0.342609157687406,1.50854850228424,"B"
1507,-1.05353466561011,1.68555562692439,"B"
1508,0.0206429613035177,-0.0675187508370049,"B"
1509,-1.0631100141672,0.828061619508249,"B"
1511,2.22024506928437,0.128408137040159,"B"
1513,0.67929820466914,0.768624745170437,"B"
1514,-1.48214666836598,1.45355018864515,"B"
1515,-1.03901561219199,0.806243054502974,"B"
1516,-1.44696348359049,1.31965546876807,"B"
1517,1.15720746502575,1.46033354887486,"B"
1518,-2.06191008861116,1.69357987281665,"B"
1519,-0.497554462509776,1.58593942527635,"B"
1520,0.425020751305049,-0.255692664531064,"B"
1521,1.89951920573939,0.0731104818695704,"B"
1522,-0.165048920092119,2.23651538592924,"B"
1523,-1.1862951111461,1.18278166011958,"B"
1524,0.713020806775669,1.72274585292724,"B"
1525,0.249868645220232,0.105399638088297,"B"
1526,-0.824378510951327,1.39346080538826,"B"
1527,-1.81229557840389,1.85645496602402,"B"
1528,-1.51190270355039,2.67795547813953,"B"
1529,-1.31380739915006,1.59940129891274,"B"
1530,-1.3386187993159,-0.188644001260637,"B"
1531,0.691833560079485,0.689520203512988,"B"
1532,-1.55587369027985,2.132195986178,"B"
1534,-0.559840322046951,2.98824913332303,"B"
1535,2.45934769776142,0.937861644513918,"B"
1536,-1.11879577902807,1.22480887344962,"B"
1537,0.18658465524099,1.60162733439705,"B"
1538,-2.31333624147173,0.640720461041141,"B"
1539,0.089559682806881,2.42060022149322,"B"
1540,-0.107161628623294,1.38672670014738,"B"
1541,0.817324319944434,-0.662919722085406,"B"
1542,-0.303976010383843,0.476751445068634,"B"
1543,-1.33607767848802,1.52119414074188,"B"
1544,-0.0168122184348821,1.87138171236241,"B"
1545,-0.713795259321067,0.296428879705665,"B"
1546,-1.08338227433641,1.148174329173,"B"
1547,1.43589382170574,0.91046592948003,"B"
1549,-0.604081312865199,2.2732657174843,"B"
1550,-0.793606553617126,2.89214561195486,"B"
1551,0.297560388619819,-0.852806709051055,"B"
1552,1.12190159633764,0.31763965222283,"B"
1553,0.558990716364039,-0.0936366830410111,"B"
1554,1.02291022003692,1.74183856729003,"B"
1555,-0.684416139792462,0.0550977912595922,"B"
1556,-2.56689498541646,0.493675309456967,"B"
1557,-2.24762962834452,0.0306336612957949,"B"
1558,-0.43512572551134,0.328828675546931,"B"
1560,-1.52085540483944,0.799130639906684,"B"
1561,-0.187413860606771,0.0896996336955145,"B"
1563,-1.15970969320019,1.927354185601,"B"
1564,-1.31068542402291,1.36924949026635,"B"
1565,-1.77752149381629,1.5617664963014,"B"
1566,-0.918567013518447,1.77402786625491,"B"
1567,0.430439085793196,-0.177448738223014,"B"
1568,-1.13174276356643,0.991726132222013,"B"
1569,-2.0018391141324,1.67062315667147,"B"
1570,0.406356846494727,0.268427214646161,"B"
1572,0.151676889101502,2.01127266639494,"B"
1573,0.702368461189341,0.457213043370372,"B"
1574,0.355962483399121,0.303496610594974,"B"
1575,-1.44716966326201,1.5600097429856,"B"
1576,-1.1558588810417,1.89312444384324,"B"
1577,-1.3303798920071,1.19645299419236,"B"
1578,0.820308083869801,-0.163543782965318,"B"
1579,-1.62037119882384,2.81115926727758,"B"
1580,-0.247518410367299,2.05269378380621,"B"
1581,-1.46711446054315,1.13778694098983,"B"
1582,-0.0995660840279492,2.99636543884988,"B"
1584,-0.261384230252175,2.41686866698933,"B"
1585,-2.25326177232583,1.64754304121509,"B"
1586,1.07738913321064,-0.300513839089991,"B"
1587,0.247287537082131,2.50288673070855,"B"
1588,-0.710908339877173,2.3488424126949,"B"
1589,-0.304640438932827,2.11933119064152,"B"
1590,1.52712192534571,0.915388359476979,"B"
1591,-1.0994959448801,0.587213636246929,"B"
1592,-0.613054739454719,0.244734078519578,"B"
1594,-2.37127730002686,0.810762062015889,"B"
1595,-0.756338609925061,2.6556023841241,"B"
1596,0.853301620097364,-0.00109348977423279,"B"
1597,-1.10113849172064,1.21669154683265,"B"
1598,-0.818392127360402,1.29680591858066,"B"
1599,-1.25059043976404,1.58123078600448,"B"
1600,1.55595719156364,0.286639643000845,"B"
1601,0.244205978322674,0.39635594762958,"B"
1602,1.00034335551426,-0.907727298604364,"B"
1603,-1.57298089059102,1.25445695722113,"B"
1604,1.18518063210291,-0.817460145513896,"B"
1605,0.211741739504033,0.848056583320625,"B"
1607,1.39573247731685,1.22869559321571,"B"
1608,-1.45593985759665,1.40202412360657,"B"
1609,-2.66913356804673,1.5839475509252,"B"
1610,0.453338691982352,2.90419166739786,"B"
1611,1.15491285471531,-0.0512047765670699,"B"
1613,-0.510800574718706,1.89300075175699,"B"
1614,-0.324699275740787,2.4929423053832,"B"
1616,-0.63092558222071,1.72566464469145,"B"
1617,0.521919462194533,1.63427567401723,"B"
1618,-2.26731074101548,1.16426837473203,"B"
1619,-1.23391560869392,1.47520474973024,"B"
1620,-1.54736468672298,0.75701330393638,"B"
1621,0.143338859976849,1.94232931391229,"B"
1622,-2.22677405573808,1.57117826665386,"B"
1623,-0.286390285016518,1.67471608490102,"B"
1624,0.689838644830987,1.77599606823184,"B"
1625,0.47360647483578,1.16383786740297,"B"
1626,-1.1166947414682,1.79972479481959,"B"
1627,-0.609999580690412,1.66158003877703,"B"
1628,-0.291098543826341,-1.02741386888262,"B"
1629,-1.51638759737056,1.386764131719,"B"
1630,0.805993853717063,2.47844177320502,"B"
1631,-0.581714325265694,2.07664870647826,"B"
1632,0.602145629155385,0.353156606701314,"B"
1633,-0.143000945245378,1.85537722092148,"B"
1634,1.88450251917289,0.25006197166036,"B"
1636,0.177486373106187,2.67442950875417,"B"
1637,0.0938274128133166,2.91121394741621,"B"
1638,-1.28994119504884,2.98540825067726,"B"
1639,-0.870281025371373,2.53643596435981,"B"
1640,0.935600683010371,0.275326007956172,"B"
1641,-0.428332786998424,0.0212307026717929,"B"
1642,0.0449991719211376,0.768360535182207,"B"
1644,-0.97045987723445,2.98612531564351,"B"
1645,0.777359295866461,-0.264973934392268,"B"
1646,-1.44433406196757,0.874906615926316,"B"
1647,-0.109494757800531,2.78429710999222,"B"
1648,-0.204512510756133,0.710823586982778,"B"
1649,0.0552739814677498,0.619093108431049,"B"
1650,-1.10020973899466,2.59482053051389,"B"
1651,0.239243398250371,2.06917623880672,"B"
1652,-1.10069651233664,1.5330424663948,"B"
1653,-1.32594256069491,2.33816639161449,"B"
1654,-0.862441192701023,1.41367089120546,"B"
1655,-0.204975669900836,2.19740411576234,"B"
1657,-0.995511959381346,0.79879571645229,"B"
1658,2.06756930273683,2.89881082832081,"B"
1659,-0.18683952365615,2.15698229991549,"B"
1660,0.747449333406537,0.610197011195613,"B"
1661,-0.98959171114001,2.78614631809637,"B"
1662,1.4935102943109,1.28194216450427,"B"
1663,0.214317332940999,0.912608445288663,"B"
1664,-0.749878430554967,0.536340935105624,"B"
1665,-1.41171127529419,1.28206054313815,"B"
1666,-0.538274441528507,2.34335732389736,"B"
1667,-1.59324450203259,2.48586331459653,"B"
1668,-1.24386883969416,1.32178487736571,"B"
1669,2.73336730793056,-0.043011121463982,"B"
1670,-1.21992655920728,2.38033334319038,"B"
1671,1.79305786939194,0.71254330456768,"B"
1672,-0.459297250062271,2.37093403759907,"B"
1673,-1.15370398503334,1.04951548755333,"B"
1674,0.176041852376204,0.834157758888375,"B"
1676,0.270063824884673,1.73430650648725,"B"
1677,-0.0599546735852873,0.615195485858161,"B"
1678,-1.04875113369433,1.5989383734075,"B"
1679,1.7639640879773,0.805591561652418,"B"
1680,-1.84750754482663,2.70778457384142,"B"
1682,-1.0096373254646,2.62371486367633,"B"
1683,-0.449451597255697,2.74349398918753,"B"
1684,0.54818669787755,2.92396184444794,"B"
1685,-1.40976299632472,2.12601863620893,"B"
1686,-1.04325532791758,2.78188285733983,"B"
1687,-1.21271122584405,1.34090498103869,"B"
1688,-2.09309473547252,2.81370655393218,"B"
1689,-0.566502555984508,2.25181813384119,"B"
1691,-1.9686064117568,2.05219502083779,"B"
1692,-1.05261802953485,0.979965502173247,"B"
1693,-0.417697119344151,2.50163580196483,"B"
1694,0.537339971557081,0.681321830844035,"B"
1695,-0.935208037577077,-0.125695778096919,"B"
1696,-0.281688982595708,2.91236559828954,"B"
1697,-0.363777309051298,1.31231748376981,"B"
1698,0.0658086124701698,2.2942639223363,"B"
1699,1.27659120947439,0.0628096026923586,"B"
1700,-0.897528679908563,2.72971961888153,"B"
1701,-1.14628707547053,2.89684619837807,"B"
1702,-0.551491234628555,2.47914941631985,"B"
1704,0.491917690331525,0.791199648436768,"B"
1705,-0.312515032005904,1.94340994381252,"B"
1706,1.27790180147745,0.993472417225523,"B"
1707,0.638845437393749,1.42450038390008,"B"
1708,-0.178410577519915,0.736006440534498,"B"
1709,-2.16506850247626,1.06737985516833,"B"
1710,-0.282173927473504,2.28042257681105,"B"
1711,-0.583463925354388,1.79585866169331,"B"
1712,-1.91250962615749,1.41606489177824,"B"
1713,0.0815597026669324,2.02228236608586,"B"
1714,-0.236000229325559,2.64097030411613,"B"
1715,-0.673204528574172,2.33241123280939,"B"
1716,1.60807797821925,0.0470584439936594,"B"
1717,-0.626907670049178,2.96613213652994,"B"
1719,-1.90147606456001,1.3610938793338,"B"
1720,-1.33754820424639,2.7484005020784,"B"
1721,0.72331239648264,-0.523571213298818,"B"
1722,-0.51196192875218,2.82024317712571,"B"
1723,-0.687942673676988,1.67002286211852,"B"
1724,0.778806498294622,1.14091886586567,"B"
1725,1.82122991989591,0.456280926133234,"B"
1726,-0.414976041195027,0.851005853450822,"B"
1727,1.63873082130244,0.491960402389694,"B"
1728,-2.27500908337603,1.97602189754667,"B"
1729,0.48469443398136,1.83635065166447,"B"
1730,0.127723878161298,2.10616444405278,"B"
1731,-0.252513350179138,0.414148843207831,"B"
1732,-1.18035952729268,2.70250061226282,"B"
1735,-0.474527703697994,1.74454056118103,"B"
1736,-0.889346675293183,2.53902114258701,"B"
1737,-1.32458685986577,2.74851067287119,"B"
1738,-0.620560390666908,1.0302141661597,"B"
1739,-1.28867382668391,1.37751385401111,"B"
1740,1.68073580524131,0.643639940816781,"B"
1741,-1.48036317561497,2.13244897589655,"B"
1742,-0.880573506545334,2.73034083831289,"B"
1743,-1.17088142364076,1.6142678257234,"B"
1744,1.56315366603527,0.0975483845829412,"B"
1745,-0.703893004499025,1.42186855257523,"B"
1746,-2.04079922338656,0.750335703818318,"B"
1747,0.175713528993222,0.400602635358926,"B"
1748,0.291201513202615,2.24693719227335,"B"
1749,-0.449684932355564,2.57591652990621,"B"
1751,-1.94366880088746,1.43224110055715,"B"
1752,-0.0031382018739077,0.732793101721645,"B"
1753,1.08749283091903,0.0176858933520261,"B"
1754,-0.918209309866587,2.43782520242022,"B"
1755,0.157238851919863,1.95133451963443,"B"
1756,-2.41392982243074,1.62979312591103,"B"
1757,-1.02596301168015,1.96673386783558,"B"
1758,1.55710557193291,-0.4825610012383,"B"
1759,-1.1951329228812,2.60946176363137,"B"
1760,0.906279675069486,1.93452946455637,"B"
1761,-0.709690135814355,2.20234887403523,"B"
1764,-0.388436552879218,1.70168195646381,"B"
1765,1.56168283517737,-0.524027464240003,"B"
1766,2.86777393073795,1.1555780661572,"B"
1767,-1.80506189119033,1.75670602965447,"B"
1768,-1.24398549890816,1.79463141590942,"B"
1769,-0.203436354688851,2.26391910929081,"B"
1770,2.15310751794142,1.03024629611584,"B"
1771,1.08850414775187,-0.494458305084397,"B"
1772,-0.156273254535894,2.69008600275642,"B"
1773,-1.98925677492455,1.96168072328027,"B"
1774,-0.0976451083871236,2.84983847209078,"B"
1775,0.0164531225371291,0.20948924203648,"B"
1776,-0.688971164377935,2.11526571027829,"B"
1777,0.749420722216655,1.99327872187297,"B"
1778,0.161998169220233,2.94340791503765,"B"
1779,-2.21429825083946,1.24296370777611,"B"
1780,0.691675920505677,0.685033801862195,"B"
1781,0.234194016226984,0.596778686445883,"B"
1782,1.57903080419615,-0.0218474867814271,"B"
1783,0.8570745506955,2.73365202793268,"B"
1784,-0.0949127534141336,2.5209434964648,"B"
1785,-1.21483626151818,2.42697569275676,"B"
1786,-0.643939506003842,0.249490912953606,"B"
1787,0.566124972320308,2.44418670231565,"B"
1789,-1.32419165558984,1.56741016321748,"B"
1790,-0.664801223735273,0.519354850958746,"B"
1792,-0.539050473751186,2.29677063945716,"B"
1793,-0.347535314233945,0.352669573424525,"B"
1794,1.92115684940513,1.37487596219766,"B"
1795,1.14515243622133,0.274213594630797,"B"
1796,-1.13175803187323,2.00064825564974,"B"
1797,-2.13912992864415,1.03954184041596,"B"
1798,-1.35777686307264,0.565462624105999,"B"
1799,-0.5774039926386,0.20694343932937,"B"
1800,-1.81614301005263,2.78852273339309,"B"
1801,-0.38508233141655,-0.0187575723479144,"B"
1802,0.200724591065596,2.94749094045557,"B"
1803,-0.531872741805945,1.19759757923271,"B"
1804,-1.55729235918541,1.01449152875807,"B"
1805,1.56144618662621,0.813241662060514,"B"
1806,-0.731677463511638,-0.269851579552459,"B"
1807,1.64900686952417,-0.494095245405082,"B"
1808,0.764806997620758,0.131088418351082,"B"
1809,0.485129585598019,2.30907786745912,"B"
1810,0.916082495154833,0.129487628448432,"B"
1811,0.785866717624214,0.974447604383684,"B"
1812,0.0701514157657951,2.10241849576923,"B"
1813,0.705821287518802,1.14350883159932,"B"
1814,2.09839960476576,-1.37486474574466,"B"
1815,-1.19200140873422,2.93675665377313,"B"
1816,0.611074586524179,0.960224811674078,"B"
1817,0.365974138518056,0.645077434900983,"B"
1820,-1.9086096705074,1.22243073329104,"B"
1821,0.244985111327334,0.665385370424809,"B"
1822,-1.15349226867504,1.37325171636652,"B"
1823,0.379320380323636,0.405234980083453,"B"
1824,-1.15439521660678,2.7179100219521,"B"
1825,1.34031945700337,0.719440702313734,"B"
1826,-0.730129833809566,1.21927526927164,"B"
1827,-1.64886425483528,1.75256897971959,"B"
1828,1.00484976092713,0.576916744821331,"B"
1829,0.760189586824699,0.529438212150926,"B"
1830,1.35302603656022,-0.115074023236083,"B"
1831,-0.851997433757915,1.63227862403126,"B"
1832,-0.947122778102007,0.783499595741268,"B"
1833,-0.919544411403144,1.68546530261424,"B"
1834,-0.570889465566643,1.43988917203901,"B"
1835,-0.406379716943193,2.39736663438543,"B"
1836,2.03443803867781,1.41261014154382,"B"
1837,0.391579388292007,0.733856849819884,"B"
1838,0.529960327853368,2.06666493102844,"B"
1839,-0.8334105024206,0.868449567363587,"B"
1840,-0.963956184074173,0.911792325558836,"B"
1842,-0.380392846045147,2.38353102194048,"B"
1843,-0.674543977612345,1.56222705735405,"B"
1844,-2.93916754507964,0.725307947800432,"B"
1845,-1.88511077226677,1.1037529559096,"B"
1846,-0.823494016249252,2.46906358308564,"B"
1847,0.0786803056605344,0.906592255747309,"B"
1848,-0.904240076364703,1.26819741112228,"B"
1851,2.5036194620136,0.784330644103279,"B"
1852,-0.256665767688933,0.781908391584352,"B"
1853,2.18489217952231,0.0822678299700341,"B"
1854,-0.655934788336804,1.4394194684092,"B"
1855,-2.95369635078032,1.27129434566806,"B"
1856,-0.540503835233531,0.968854204687751,"B"
1857,0.289916963194337,2.39296127808379,"B"
1858,-0.0431861857016007,2.394245822558,"B"
1859,-0.387945928940794,2.71936763105839,"B"
1860,-0.4247500415001,1.91910379406846,"B"
1861,-0.503944836152288,2.81830285124193,"B"
1862,-0.252616774828923,1.52321308824654,"B"
1863,-0.0755687435032657,2.74714923392195,"B"
1864,-0.213932558431,1.79795909254668,"B"
1865,-0.406058244597136,0.372452915536688,"B"
1866,-2.06122082926307,2.73855114556889,"B"
1868,0.975190061363242,-0.602941114771232,"B"
1869,-1.28555515180422,1.24224595132107,"B"
1870,-0.197157390472145,2.53172489273462,"B"
1871,-1.18944387541988,1.32049209737532,"B"
1872,1.18411822926078,0.171237648044067,"B"
1873,-2.2623801887025,2.24434348488351,"B"
1874,-1.49032420195451,2.45180097245876,"B"
1875,-1.07378475507742,1.44779658048231,"B"
1876,-0.935525234706901,1.99463939367091,"B"
1877,0.482850027836725,0.644190227412032,"B"
1878,-1.52403613050459,-0.563175609613994,"B"
1879,-0.577931137541313,1.93250000043793,"B"
1880,-0.276663024956435,2.39013425567009,"B"
1881,1.38689075238154,0.223024578625795,"B"
1882,-0.279053745278466,2.4208349091913,"B"
1883,-1.79799754411376,1.41006984270179,"B"
1884,-1.33348348158674,1.42892771982932,"B"
1886,-0.655514126779057,-1.17393348050215,"B"
1887,-1.18539765980663,-0.737666186824345,"B"
1888,0.936747563658116,0.904553742597886,"B"
1889,-0.344870911491499,1.03964945121626,"B"
1890,-1.73581102039187,1.30182970201716,"B"
1891,1.09801241590799,0.12251640813137,"B"
1892,0.559052713201453,1.79782682637151,"B"
1893,-1.0201615339267,1.72491131068507,"B"
1894,-0.720513762164466,0.890396654139403,"B"
1895,-0.736501838887143,-0.391781764304987,"B"
1896,1.25354193249918,0.671512186550805,"B"
1897,-1.51119085994831,2.14253864943962,"B"
1898,-1.56265669365301,0.43001427987878,"B"
1899,-0.263500476738206,2.44640217156058,"B"
1900,-1.84647729877389,1.76707119166593,"B"
1901,0.833282676892803,1.87614722604552,"B"
1902,-0.0666633494546152,2.53496274469437,"B"
1903,-2.35038257266736,1.34257160687214,"B"
1904,-1.46444612579387,1.16426614950566,"B"
1905,-1.71281469490014,1.86339503097609,"B"
1906,-0.3447935633926,1.84539256471667,"B"
1907,-0.19734576144714,0.999869389653377,"B"
1908,-0.511868676277039,1.00118656255388,"B"
1909,-0.755680161415543,1.49049383665213,"B"
1910,0.610194265728029,-0.319231250289987,"B"
1911,-1.91876478655096,0.458914573144372,"B"
1912,-1.00083685588374,0.576091406634992,"B"
1914,-0.184447655233324,-0.109066673718526,"B"
1915,-0.258983233407922,0.469535296904842,"B"
1916,-1.85304926150251,1.92569628275776,"B"
1917,-0.720870695514932,0.0583682957490714,"B"
1918,-0.181560775861242,2.37840291153854,"B"
1919,2.25099672362079,1.09473508119239,"B"
1920,-0.159310667796192,1.62715180299826,"B"
1921,-0.534333785017903,1.60524855374766,"B"
1922,0.277453723900189,-0.464940246682015,"B"
1923,1.33097765001134,0.842511770407599,"B"
1924,-2.17938193532755,1.17312099890247,"B"
1925,0.927586208155714,1.1221933904027,"B"
1926,-0.0527131752464262,1.8410791267792,"B"
1927,0.439332948535106,0.137420567738641,"B"
1928,-0.476495016048783,1.09216895412754,"B"
1929,-0.699834211380071,2.35682524649027,"B"
1930,-1.02342228311764,2.07064582336235,"B"
1931,-0.178023739402556,-0.00683730346342259,"B"
1934,1.37924050312403,2.02054892459717,"B"
1935,-0.386107020056758,-0.19808051065322,"B"
1936,-0.501704702194155,2.40762626231746,"B"
1937,0.399359366666962,1.06734222020828,"B"
1938,-0.458373633418528,0.0638560534732889,"B"
1939,0.858488834305529,0.333835562821243,"B"
1940,1.28912605751478,0.702626962918901,"B"
1941,-1.26596786400288,2.09289190267501,"B"
1942,0.507941891702127,1.98204026214335,"B"
1943,0.0819240334701106,2.17207632862828,"B"
1944,-0.675719715296689,2.77239090908382,"B"
1945,-0.152988721300135,2.56829164852484,"B"
1946,-0.836188751596337,-0.198825848521358,"B"
1947,0.831512188118455,-0.169550107603951,"B"
1948,-1.69306816048967,2.8054086820716,"B"
1949,-0.447596108426803,0.398251374070645,"B"
1950,-1.59775201901565,0.761293886390343,"B"
1951,1.44147403798751,1.34324299377876,"B"
1952,1.09600348854484,0.00382679887493748,"B"
1953,-1.05283943390039,2.32005873877786,"B"
1954,0.353775614685891,0.462360915224125,"B"
1956,1.34888695892874,0.314893465539237,"B"
1957,-1.05470121492466,2.62815389317095,"B"
1959,0.565246245396129,1.0737388024823,"B"
1960,-0.291176412815092,2.59489896940188,"B"
1961,0.526670837207557,1.74452595487638,"B"
1962,2.21603446401119,-0.36788002033108,"B"
1963,0.107465285113964,2.84861650485076,"B"
1964,-2.15604258372845,1.30798202267952,"B"
1965,0.32083138735827,2.04509219395438,"B"
1966,-0.752174902920617,2.22892783489092,"B"
1967,0.0442218966848765,2.96821151222886,"B"
1968,1.51185691429691,1.16244015566678,"B"
1970,0.512003291015075,0.370346282304462,"B"
1971,-2.51130753433992,0.940276956239119,"B"
1973,0.244719118049378,0.540977028702249,"B"
1974,-0.891186024310686,2.74593581816238,"B"
1975,1.18828614313407,-0.746683650718103,"B"
1976,-0.33942295011648,0.822840984259918,"B"
1977,-1.6160525163518,2.66620745402931,"B"
1978,-0.240336596507468,2.37091060466991,"B"
1979,0.405311549977269,0.588749880246598,"B"
1980,-1.87248455823149,1.50787199197877,"B"
1982,1.68954201139515,1.01823980434424,"B"
1983,1.19354556926556,0.181323581317733,"B"
1984,-0.999148714376071,1.39738069750663,"B"
1985,1.61061386047949,1.0648832037763,"B"
1986,-0.0787756817277017,2.89568768526359,"B"
1987,1.23529222958204,0.866240803843452,"B"
1988,0.0858019570275246,-0.183823092400653,"B"
1989,-1.4094050840164,1.93876984511552,"B"
1990,1.61974620494583,-0.695149526719064,"B"
1991,2.6164157573581,0.114967518464432,"B"
1992,-1.41631683952025,1.32207374246619,"B"
1993,-2.41998931436409,1.86226500144648,"B"
1994,-1.7591721738454,1.39771858982889,"B"
1995,-0.783978799713951,1.25398634473077,"B"
1996,0.828015518087944,-0.139869388842405,"B"
1997,0.527937081355237,1.01868906907509,"B"
1998,-0.261250235834227,-0.0670206164297716,"B"
1999,-1.97077911115076,1.51829520880089,"B"
2000,-0.37646229923352,2.15318104552356,"B"
